datereceived,product,issue,subissue,companypublicresponse,company,state,zipcode,tags,consumerconsentprovided,submittedvia,datesenttocompany,companyresponsetoconsumer,timelyresponse,consumerdisputed,year,states,population,product_type,month,_merge,num_submittedvia_timely,num_submittedvia_timely_permcap
2017-09-13,"Credit reporting, credit repair services, or other personal consumer reports",Problem with fraud alerts or security freezes,,,"EQUIFAX, INC.",PA,17315,,N/A,Email,2017-09-13,Closed with explanation,Yes,N/A,2017,Pennsylvania,12805537,credit processing,09,Matched (3),7,.54663855
2017-10-27,"Credit reporting, credit repair services, or other personal consumer reports",Incorrect information on your report,Information is missing that should be on the report,,"EQUIFAX, INC.",TN,37206,,N/A,Fax,2017-10-27,Closed with explanation,No,N/A,2017,Tennessee,6715984,credit processing,10,Matched (3),145,21.590284
2017-03-27,Consumer Loan,Problems when you are unable to pay,,,TOYOTA MOTOR CREDIT CORPORATION,KY,40511,,N/A,Fax,2017-03-27,Closed with explanation,Yes,No,2017,Kentucky,4454189,debt and mortgage,03,Matched (3),2515,564.63702
2017-07-06,Mortgage,Struggling to pay mortgage,,,"FIRST CALIFORNIA MORTGAGE CO., INC.",CA,95401,,N/A,Phone,2017-07-06,Untimely response,No,N/A,2017,California,39536653,debt and mortgage,07,Matched (3),294,7.4361377
2017-03-14,Mortgage,"Loan modification,collection,foreclosure",,,Ocwen Financial Corporation,SC,29620,,N/A,Phone,2017-03-14,Closed with explanation,Yes,Yes,2017,South Carolina,5024369,debt and mortgage,03,Matched (3),8777,1746.886
2017-01-27,Bank account or service,Deposits and withdrawals,,,WELLS FARGO & COMPANY,NC,27520,Servicemember,N/A,Postal mail,2017-02-01,Closed with explanation,No,No,2017,North Carolina,10273419,account and service,01,Matched (3),272,26.476093
2017-11-03,"Credit reporting, credit repair services, or other personal consumer reports",Incorrect information on your report,Account status incorrect,Company has responded to the consumer and the CFPB and chooses not to provide a public response,Experian Information Solutions Inc.,FL,33486,,N/A,Postal mail,2017-11-09,Closed with explanation,Yes,N/A,2017,Florida,20984400,credit processing,11,Matched (3),10692,509.52136
2017-03-20,Debt collection,Disclosure verification of debt,Not given enough info to verify debt,,"APEX Asset Management, LLC",NJ,08054,,N/A,Referral,2017-03-21,Closed with explanation,No,No,2017,New Jersey,9005644,debt and mortgage,03,Matched (3),412,45.749088
2017-04-04,Credit card,Credit determination,,Company has responded to the consumer and the CFPB and chooses not to provide a public response,WELLS FARGO & COMPANY,CA,91605,,N/A,Referral,2017-04-05,Closed with explanation,Yes,No,2017,California,39536653,credit processing,04,Matched (3),18651,471.73947
2017-03-29,Debt collection,Improper contact or sharing of info,Talked to a third party about my debt,Company believes it acted appropriately as authorized by contract or law,"Trident Asset Management, L.L.C.",WI,530XX,,Consent provided,Web,2017-03-29,Closed with explanation,No,No,2017,Wisconsin,5795483,debt and mortgage,03,Matched (3),5762,994.2226
2017-01-03,Mortgage,"Application, originator, mortgage broker",,Company believes it acted appropriately as authorized by contract or law,"SELECT PORTFOLIO SERVICING, INC.",CA,93003,,Consent not provided,Web,2017-01-03,Closed with explanation,Yes,Yes,2017,California,39536653,debt and mortgage,01,Matched (3),191450,4842.3423
2018-02-15,Credit card or prepaid card,Closing your account,Company closed your account,Company has responded to the consumer and the CFPB and chooses not to provide a public response,SYNCHRONY FINANCIAL,CA,93274,,N/A,Email,2018-02-15,Closed with explanation,Yes,N/A,2018,California,39557045,credit processing,02,Matched (3),10,.25279948
2018-08-14,Debt collection,Written notification about debt,Didn't receive enough information to verify debt,Company has responded to the consumer and the CFPB and chooses not to provide a public response,WELLS FARGO & COMPANY,NJ,08817,,N/A,Fax,2018-08-15,Closed with explanation,No,N/A,2018,New Jersey,8908520,debt and mortgage,08,Matched (3),50,5.6126046
2018-09-11,"Credit reporting, credit repair services, or other personal consumer reports",Incorrect information on your report,Information belongs to someone else,Company has responded to the consumer and the CFPB and chooses not to provide a public response,"HCFS Health Care Financial Services, Inc.",NJ,08879,,N/A,Fax,2018-09-11,Closed with explanation,Yes,N/A,2018,New Jersey,8908520,credit processing,09,Matched (3),5218,585.73138
2018-05-30,Mortgage,Trouble during payment process,,,"SELECT PORTFOLIO SERVICING, INC.",FL,33404,,N/A,Phone,2018-05-30,Closed with explanation,No,N/A,2018,Florida,21299325,debt and mortgage,05,Matched (3),128,6.0095801
2018-01-19,"Money transfer, virtual currency, or money service","Managing, opening, or closing your mobile wallet account",,,"Paypal Holdings, Inc",CA,91709,,N/A,Phone,2018-01-19,Closed with explanation,Yes,N/A,2018,California,39557045,account and service,01,Matched (3),7121,180.01851
2018-02-07,Credit card or prepaid card,Fees or interest,Charged too much interest,,"BANK OF AMERICA, NATIONAL ASSOCIATION",MD,20716,,N/A,Postal mail,2018-02-08,Untimely response,No,N/A,2018,Maryland,6042718,credit processing,02,Matched (3),116,19.196659
2018-06-26,"Credit reporting, credit repair services, or other personal consumer reports",Unable to get your credit report or credit score,Problem getting your free annual credit report,Company has responded to the consumer and the CFPB and chooses not to provide a public response,"TRANSUNION INTERMEDIATE HOLDINGS, INC.",CA,92410,,N/A,Postal mail,2018-06-26,Closed with non-monetary relief,Yes,N/A,2018,California,39557045,credit processing,06,Matched (3),8283,209.3938
2018-01-05,Debt collection,Attempts to collect debt not owed,Debt is not yours,,"Recovery Solutions Group, LLC",VA,22551,,N/A,Referral,2018-01-09,Closed with explanation,No,N/A,2018,Virginia,8517685,debt and mortgage,01,Matched (3),222,26.063419
2018-05-31,Checking or savings account,Managing an account,Deposits and withdrawals,Company has responded to the consumer and the CFPB and chooses not to provide a public response,"BANK OF AMERICA, NATIONAL ASSOCIATION",CA,92285,,N/A,Referral,2018-05-31,Closed with monetary relief,Yes,N/A,2018,California,39557045,account and service,05,Matched (3),20631,521.5506
2018-02-09,Mortgage,Struggling to pay mortgage,,,"Fay Servicing, LLC",GA,314XX,,Consent provided,Web,2018-02-09,Closed with explanation,No,N/A,2018,Georgia,10519475,debt and mortgage,02,Matched (3),3865,367.41379
2018-01-01,"Credit reporting, credit repair services, or other personal consumer reports",Incorrect information on your report,Information belongs to someone else,Company has responded to the consumer and the CFPB and chooses not to provide a public response,Experian Information Solutions Inc.,TX,770XX,,Consent provided,Web,2018-01-01,Closed with non-monetary relief,Yes,N/A,2018,Texas,28701845,credit processing,01,Matched (3),204155,7112.9575
2019-08-21,Credit card or prepaid card,Fees or interest,Problem with fees,Company has responded to the consumer and the CFPB and chooses not to provide a public response,"CITIBANK, N.A.",AZ,85331,,N/A,Email,2019-08-23,Closed with monetary relief,Yes,N/A,2019,Arizona,7278717,credit processing,08,Matched (3),25,3.4346712
2019-11-05,Debt collection,Written notification about debt,Didn't receive enough information to verify debt,,"Malcolm S. Gerald and Associates, Inc.",IL,60543,,N/A,Fax,2019-11-05,Closed with explanation,No,N/A,2019,Illinois,12671821,debt and mortgage,11,Matched (3),19,1.4993899
2019-07-17,"Credit reporting, credit repair services, or other personal consumer reports",Incorrect information on your report,Personal information incorrect,,"EQUIFAX, INC.",TX,77386,,N/A,Fax,2019-07-17,Closed with explanation,Yes,N/A,2019,Texas,28995881,credit processing,07,Matched (3),1871,64.526405
2019-05-22,"Money transfer, virtual currency, or money service",Problem with customer service,,Company has responded to the consumer and the CFPB and chooses not to provide a public response,"Harbor Legal Group, LLC",VA,22015,,N/A,Phone,2019-05-30,Closed with explanation,No,N/A,2019,Virginia,8535519,account and service,05,Matched (3),231,27.063381
2019-10-30,"Credit reporting, credit repair services, or other personal consumer reports",Problem with a credit reporting company's investigation into an existing problem,Their investigation did not fix an error on your report,Company has responded to the consumer and the CFPB and chooses not to provide a public response,"TRANSUNION INTERMEDIATE HOLDINGS, INC.",CT,06820,Older American,N/A,Phone,2019-10-30,Closed with explanation,Yes,N/A,2019,Connecticut,3565287,credit processing,10,Matched (3),11102,3113.9148
2019-06-27,"Credit reporting, credit repair services, or other personal consumer reports",Incorrect information on your report,Information belongs to someone else,,Chaplain Financial Services LLC,WA,99205,,N/A,Postal mail,2019-06-28,Untimely response,No,N/A,2019,Washington,7614893,credit processing,06,Matched (3),94,12.344232
2019-09-06,"Credit reporting, credit repair services, or other personal consumer reports",Incorrect information on your report,Information belongs to someone else,Company has responded to the consumer and the CFPB and chooses not to provide a public response,Experian Information Solutions Inc.,DC,20002,Older American,N/A,Postal mail,2019-09-06,Closed with explanation,Yes,N/A,2019,District of Columbia,705749,credit processing,09,Matched (3),6636,9402.7764
2019-10-03,Checking or savings account,Managing an account,Deposits and withdrawals,,"WESBANCO BANK, INC.",KY,40108,,N/A,Referral,2019-10-04,Closed with explanation,No,N/A,2019,Kentucky,4467673,account and service,10,Matched (3),240,53.719242
2019-08-08,Checking or savings account,Managing an account,Deposits and withdrawals,,AMERICAN EXPRESS COMPANY,NY,10029,,N/A,Referral,2019-08-09,Closed with explanation,Yes,N/A,2019,New York,19453561,account and service,08,Matched (3),17442,896.5968
2019-09-27,"Money transfer, virtual currency, or money service",Fraud or scam,,Company has responded to the consumer and the CFPB and chooses not to provide a public response,WELLS FARGO & COMPANY,AZ,859XX,,Consent not provided,Web,2019-09-27,Closed with explanation,No,N/A,2019,Arizona,7278717,account and service,09,Matched (3),3509,482.09045
2019-07-23,"Credit reporting, credit repair services, or other personal consumer reports",Incorrect information on your report,Information belongs to someone else,,Alliance Data Card Services,FL,331XX,,Consent provided,Web,2019-07-23,Closed with non-monetary relief,Yes,N/A,2019,Florida,21477737,credit processing,07,Matched (3),228286,10628.96
