year,month,timelyresponse_rate,state,states
2017,01,.96409076,US,Country
2017,02,.96509558,US,Country
2017,03,.96832442,US,Country
2017,04,.97695905,US,Country
2017,05,.95539832,US,Country
2017,06,.97948468,US,Country
2017,07,.98186982,US,Country
2017,08,.97931528,US,Country
2017,09,.9880926,US,Country
2017,10,.96840727,US,Country
2017,11,.94071704,US,Country
2017,12,.97852147,US,Country
2018,01,.98074162,US,Country
2018,02,.98096925,US,Country
2018,03,.98269337,US,Country
2018,04,.98610353,US,Country
2018,05,.98414302,US,Country
2018,06,.98061937,US,Country
2018,07,.97916257,US,Country
2018,08,.9807784,US,Country
2018,09,.98090756,US,Country
2018,10,.98466271,US,Country
2018,11,.98364222,US,Country
2018,12,.98480886,US,Country
2019,01,.98526531,US,Country
2019,02,.97925544,US,Country
2019,03,.98479038,US,Country
2019,04,.98567104,US,Country
2019,05,.98398435,US,Country
2019,06,.98560166,US,Country
2019,07,.98652643,US,Country
2019,08,.98699403,US,Country
2019,09,.98560804,US,Country
2019,10,.98444003,US,Country
2019,11,.98423666,US,Country
2019,12,.98427391,US,Country
2017,01,1,AE,
2017,01,.81481481,AK,Alaska
2017,01,.94716984,AL,Alabama
2017,01,1,AP,
2017,01,.98214287,AR,Arkansas
2017,01,1,AS,
2017,01,.96598637,AZ,Arizona
2017,01,.9575845,CA,California
2017,01,.95331693,CO,Colorado
2017,01,.96753246,CT,Connecticut
2017,01,.9528302,DC,District of Columbia
2017,01,.94594592,DE,Delaware
2017,01,.96088433,FL,Florida
2017,01,.96134871,GA,Georgia
2017,01,1,GU,
2017,01,.94545454,HI,Hawaii
2017,01,.97183096,IA,Iowa
2017,01,.91428572,ID,Idaho
2017,01,.97690529,IL,Illinois
2017,01,.95604396,IN,Indiana
2017,01,.96610171,KS,Kansas
2017,01,.97142857,KY,Kentucky
2017,01,.98809522,LA,Louisiana
2017,01,.98826289,MA,Massachusetts
2017,01,.96337581,MD,Maryland
2017,01,.96666664,ME,Maine
2017,01,1,MH,
2017,01,.98113209,MI,Michigan
2017,01,.96774191,MN,Minnesota
2017,01,.96979868,MO,Missouri
2017,01,.94999999,MS,Mississippi
2017,01,.9375,MT,Montana
2017,01,.95503879,NC,North Carolina
2017,01,.96428573,ND,North Dakota
2017,01,.96666664,NE,Nebraska
2017,01,.95833331,NH,New Hampshire
2017,01,.96732026,NJ,New Jersey
2017,01,.9518072,NM,New Mexico
2017,01,.95416665,NV,Nevada
2017,01,.97596502,NY,New York
2017,01,.96755165,OH,Ohio
2017,01,.95774651,OK,Oklahoma
2017,01,.96875,OR,Oregon
2017,01,.9665072,PA,Pennsylvania
2017,01,.96078432,PR,Puerto Rico
2017,01,1,PW,
2017,01,1,RI,Rhode Island
2017,01,.96793002,SC,South Carolina
2017,01,.97619045,SD,South Dakota
2017,01,.97777778,TN,Tennessee
2017,01,.96183205,TX,Texas
2017,01,.91397852,UT,Utah
2017,01,.96167248,VA,Virginia
2017,01,1,VI,
2017,01,1,VT,Vermont
2017,01,.95465994,WA,Washington
2017,01,.96744186,WI,Wisconsin
2017,01,.98214287,WV,West Virginia
2017,01,.78260869,WY,Wyoming
2017,02,1,AE,
2017,02,.93333334,AK,Alaska
2017,02,.9579832,AL,Alabama
2017,02,1,AP,
2017,02,.96153843,AR,Arkansas
2017,02,1,AS,
2017,02,.96590906,AZ,Arizona
2017,02,.9472307,CA,California
2017,02,.96296299,CO,Colorado
2017,02,.97402596,CT,Connecticut
2017,02,.97297299,DC,District of Columbia
2017,02,.96875,DE,Delaware
2017,02,.97261149,FL,Florida
2017,02,1,FM,
2017,02,.9590643,GA,Georgia
2017,02,1,GU,
2017,02,.88135594,HI,Hawaii
2017,02,.95945948,IA,Iowa
2017,02,.95555556,ID,Idaho
2017,02,.97811216,IL,Illinois
2017,02,.98591548,IN,Indiana
2017,02,.97802198,KS,Kansas
2017,02,.97457629,KY,Kentucky
2017,02,.96791446,LA,Louisiana
2017,02,.97910446,MA,Massachusetts
2017,02,.96625221,MD,Maryland
2017,02,.9818182,ME,Maine
2017,02,.96651787,MI,Michigan
2017,02,.96629214,MN,Minnesota
2017,02,.98226953,MO,Missouri
2017,02,1,MP,
2017,02,.96428573,MS,Mississippi
2017,02,.96296299,MT,Montana
2017,02,.9720149,NC,North Carolina
2017,02,1,ND,North Dakota
2017,02,.921875,NE,Nebraska
2017,02,.96875,NH,New Hampshire
2017,02,.96408045,NJ,New Jersey
2017,02,.93846154,NM,New Mexico
2017,02,.94652408,NV,Nevada
2017,02,.98123825,NY,New York
2017,02,.97058821,OH,Ohio
2017,02,.94696969,OK,Oklahoma
2017,02,.97260273,OR,Oregon
2017,02,.96932513,PA,Pennsylvania
2017,02,1,PR,Puerto Rico
2017,02,1,RI,Rhode Island
2017,02,.95341617,SC,South Carolina
2017,02,.91666669,SD,South Dakota
2017,02,.94957983,TN,Tennessee
2017,02,.9721362,TX,Texas
2017,02,.95959598,UT,Utah
2017,02,.94535518,VA,Virginia
2017,02,1,VI,
2017,02,.92307693,VT,Vermont
2017,02,.96880734,WA,Washington
2017,02,.94968551,WI,Wisconsin
2017,02,1,WV,West Virginia
2017,02,1,WY,Wyoming
2017,03,1,AE,
2017,03,1,AK,Alaska
2017,03,.97368419,AL,Alabama
2017,03,1,AP,
2017,03,.96385545,AR,Arkansas
2017,03,1,AS,
2017,03,.96511626,AZ,Arizona
2017,03,.95995468,CA,California
2017,03,.96209913,CO,Colorado
2017,03,.96170211,CT,Connecticut
2017,03,.95999998,DC,District of Columbia
2017,03,.99346405,DE,Delaware
2017,03,.97000533,FL,Florida
2017,03,.96826833,GA,Georgia
2017,03,1,GU,
2017,03,.98214287,HI,Hawaii
2017,03,.95161289,IA,Iowa
2017,03,.9848485,ID,Idaho
2017,03,.97953618,IL,Illinois
2017,03,.97014928,IN,Indiana
2017,03,.93406594,KS,Kansas
2017,03,.9856115,KY,Kentucky
2017,03,.94715446,LA,Louisiana
2017,03,.96883851,MA,Massachusetts
2017,03,.97402596,MD,Maryland
2017,03,.90909094,ME,Maine
2017,03,.98681319,MI,Michigan
2017,03,.97188753,MN,Minnesota
2017,03,.97106111,MO,Missouri
2017,03,1,MP,
2017,03,.95172411,MS,Mississippi
2017,03,.97058821,MT,Montana
2017,03,.9773519,NC,North Carolina
2017,03,.969697,ND,North Dakota
2017,03,.94444442,NE,Nebraska
2017,03,.98461539,NH,New Hampshire
2017,03,.96883851,NJ,New Jersey
2017,03,.9512195,NM,New Mexico
2017,03,.95667869,NV,Nevada
2017,03,.97661293,NY,New York
2017,03,.96838599,OH,Ohio
2017,03,.96551722,OK,Oklahoma
2017,03,.97435898,OR,Oregon
2017,03,.96774191,PA,Pennsylvania
2017,03,.97916669,PR,Puerto Rico
2017,03,.96428573,RI,Rhode Island
2017,03,.97546011,SC,South Carolina
2017,03,.8611111,SD,South Dakota
2017,03,.93768549,TN,Tennessee
2017,03,.97463125,TX,Texas
2017,03,.96747965,UT,Utah
2017,03,.96370238,VA,Virginia
2017,03,1,VI,
2017,03,1,VT,Vermont
2017,03,.96758103,WA,Washington
2017,03,.96484375,WI,Wisconsin
2017,03,.97727275,WV,West Virginia
2017,03,.94999999,WY,Wyoming
2017,04,1,AE,
2017,04,1,AK,Alaska
2017,04,.97863245,AL,Alabama
2017,04,1,AP,
2017,04,.95535713,AR,Arkansas
2017,04,1,AS,
2017,04,.97374701,AZ,Arizona
2017,04,.97559911,CA,California
2017,04,.97202796,CO,Colorado
2017,04,.98818898,CT,Connecticut
2017,04,.990991,DC,District of Columbia
2017,04,.97979796,DE,Delaware
2017,04,.97748488,FL,Florida
2017,04,1,FM,
2017,04,.97718012,GA,Georgia
2017,04,1,GU,
2017,04,.98245615,HI,Hawaii
2017,04,.96875,IA,Iowa
2017,04,.97777778,ID,Idaho
2017,04,.98005319,IL,Illinois
2017,04,.97014928,IN,Indiana
2017,04,.96428573,KS,Kansas
2017,04,.96575344,KY,Kentucky
2017,04,.96981132,LA,Louisiana
2017,04,.98062015,MA,Massachusetts
2017,04,.9883495,MD,Maryland
2017,04,1,ME,Maine
2017,04,.98218262,MI,Michigan
2017,04,.97183096,MN,Minnesota
2017,04,.98290598,MO,Missouri
2017,04,.97247708,MS,Mississippi
2017,04,.94117647,MT,Montana
2017,04,.97142857,NC,North Carolina
2017,04,.94999999,ND,North Dakota
2017,04,.98550725,NE,Nebraska
2017,04,1,NH,New Hampshire
2017,04,.97133219,NJ,New Jersey
2017,04,.97777778,NM,New Mexico
2017,04,.97685188,NV,Nevada
2017,04,.98320895,NY,New York
2017,04,.96078432,OH,Ohio
2017,04,.969697,OK,Oklahoma
2017,04,.96666664,OR,Oregon
2017,04,.98327136,PA,Pennsylvania
2017,04,.94736844,PR,Puerto Rico
2017,04,.984375,RI,Rhode Island
2017,04,.95833331,SC,South Carolina
2017,04,1,SD,South Dakota
2017,04,.96396399,TN,Tennessee
2017,04,.98046464,TX,Texas
2017,04,.97478992,UT,Utah
2017,04,.99130434,VA,Virginia
2017,04,1,VI,
2017,04,.96296299,VT,Vermont
2017,04,.9860335,WA,Washington
2017,04,.97093022,WI,Wisconsin
2017,04,.94594592,WV,West Virginia
2017,04,1,WY,Wyoming
2017,05,.85714287,AE,
2017,05,.92592591,AK,Alaska
2017,05,.93560606,AL,Alabama
2017,05,.83333331,AP,
2017,05,.93548387,AR,Arkansas
2017,05,.95238096,AZ,Arizona
2017,05,.95345861,CA,California
2017,05,.95637584,CO,Colorado
2017,05,.99004978,CT,Connecticut
2017,05,.98969072,DC,District of Columbia
2017,05,.98076922,DE,Delaware
2017,05,.95822722,FL,Florida
2017,05,.9468165,GA,Georgia
2017,05,1,GU,
2017,05,.93548387,HI,Hawaii
2017,05,.984375,IA,Iowa
2017,05,.92156863,ID,Idaho
2017,05,.9576869,IL,Illinois
2017,05,.92975205,IN,Indiana
2017,05,.95744681,KS,Kansas
2017,05,.94117647,KY,Kentucky
2017,05,.972,LA,Louisiana
2017,05,.98559076,MA,Massachusetts
2017,05,.94669116,MD,Maryland
2017,05,.96610171,ME,Maine
2017,05,.96559632,MI,Michigan
2017,05,.94382024,MN,Minnesota
2017,05,.94514769,MO,Missouri
2017,05,.97931033,MS,Mississippi
2017,05,1,MT,Montana
2017,05,.92880797,NC,North Carolina
2017,05,1,ND,North Dakota
2017,05,1,NE,Nebraska
2017,05,.98113209,NH,New Hampshire
2017,05,.96334308,NJ,New Jersey
2017,05,.98461539,NM,New Mexico
2017,05,.94545454,NV,Nevada
2017,05,.96832937,NY,New York
2017,05,.96830988,OH,Ohio
2017,05,.91666669,OK,Oklahoma
2017,05,.96296299,OR,Oregon
2017,05,.96283782,PA,Pennsylvania
2017,05,.9649123,PR,Puerto Rico
2017,05,.97260273,RI,Rhode Island
2017,05,.93678159,SC,South Carolina
2017,05,1,SD,South Dakota
2017,05,.93235296,TN,Tennessee
2017,05,.95109892,TX,Texas
2017,05,.96323532,UT,Utah
2017,05,.94969821,VA,Virginia
2017,05,1,VI,
2017,05,1,VT,Vermont
2017,05,.95505619,WA,Washington
2017,05,.97311831,WI,Wisconsin
2017,05,.96153843,WV,West Virginia
2017,05,.91666669,WY,Wyoming
2017,06,1,AE,
2017,06,1,AK,Alaska
2017,06,.98281789,AL,Alabama
2017,06,1,AP,
2017,06,.97777778,AR,Arkansas
2017,06,.98620689,AZ,Arizona
2017,06,.98030823,CA,California
2017,06,.97318006,CO,Colorado
2017,06,.99029124,CT,Connecticut
2017,06,.96703297,DC,District of Columbia
2017,06,.96153843,DE,Delaware
2017,06,.98334289,FL,Florida
2017,06,1,FM,
2017,06,.97375107,GA,Georgia
2017,06,1,GU,
2017,06,1,HI,Hawaii
2017,06,.98461539,IA,Iowa
2017,06,1,ID,Idaho
2017,06,.98834199,IL,Illinois
2017,06,.98723406,IN,Indiana
2017,06,.99242425,KS,Kansas
2017,06,.97841728,KY,Kentucky
2017,06,.97324413,LA,Louisiana
2017,06,.98884761,MA,Massachusetts
2017,06,.97276264,MD,Maryland
2017,06,.96428573,ME,Maine
2017,06,.98128343,MI,Michigan
2017,06,.98888886,MN,Minnesota
2017,06,.98214287,MO,Missouri
2017,06,.9579832,MS,Mississippi
2017,06,.9130435,MT,Montana
2017,06,.97802198,NC,North Carolina
2017,06,.97435898,ND,North Dakota
2017,06,.97777778,NE,Nebraska
2017,06,.96363634,NH,New Hampshire
2017,06,.97815913,NJ,New Jersey
2017,06,.98795182,NM,New Mexico
2017,06,.98654711,NV,Nevada
2017,06,.98010379,NY,New York
2017,06,.96137339,OH,Ohio
2017,06,.97647059,OK,Oklahoma
2017,06,.96470588,OR,Oregon
2017,06,.98185116,PA,Pennsylvania
2017,06,1,PR,Puerto Rico
2017,06,1,RI,Rhode Island
2017,06,.98011363,SC,South Carolina
2017,06,.94999999,SD,South Dakota
2017,06,.97350991,TN,Tennessee
2017,06,.97844112,TX,Texas
2017,06,.94565219,UT,Utah
2017,06,.98743266,VA,Virginia
2017,06,1,VT,Vermont
2017,06,.97402596,WA,Washington
2017,06,.98076922,WI,Wisconsin
2017,06,.97560978,WV,West Virginia
2017,06,1,WY,Wyoming
2017,07,1,AA,
2017,07,1,AE,
2017,07,1,AK,Alaska
2017,07,.98136646,AL,Alabama
2017,07,1,AP,
2017,07,.9708029,AR,Arkansas
2017,07,.99047619,AZ,Arizona
2017,07,.97649032,CA,California
2017,07,.97909409,CO,Colorado
2017,07,.99159664,CT,Connecticut
2017,07,.97849464,DC,District of Columbia
2017,07,.98750001,DE,Delaware
2017,07,.98321342,FL,Florida
2017,07,.97902095,GA,Georgia
2017,07,1,GU,
2017,07,.93103451,HI,Hawaii
2017,07,.984375,IA,Iowa
2017,07,1,ID,Idaho
2017,07,.98400003,IL,Illinois
2017,07,.9675926,IN,Indiana
2017,07,.98701298,KS,Kansas
2017,07,1,KY,Kentucky
2017,07,.98513013,LA,Louisiana
2017,07,.99350649,MA,Massachusetts
2017,07,.98639458,MD,Maryland
2017,07,1,ME,Maine
2017,07,.98620689,MI,Michigan
2017,07,.98378378,MN,Minnesota
2017,07,.97872341,MO,Missouri
2017,07,.97222221,MS,Mississippi
2017,07,1,MT,Montana
2017,07,.97888201,NC,North Carolina
2017,07,.97222221,ND,North Dakota
2017,07,.98275864,NE,Nebraska
2017,07,1,NH,New Hampshire
2017,07,.98327762,NJ,New Jersey
2017,07,.98809522,NM,New Mexico
2017,07,.98880595,NV,Nevada
2017,07,.99054545,NY,New York
2017,07,.97611463,OH,Ohio
2017,07,.98507464,OK,Oklahoma
2017,07,.97368419,OR,Oregon
2017,07,.98275864,PA,Pennsylvania
2017,07,.96875,PR,Puerto Rico
2017,07,1,RI,Rhode Island
2017,07,.97953218,SC,South Carolina
2017,07,1,SD,South Dakota
2017,07,.96263736,TN,Tennessee
2017,07,.9835391,TX,Texas
2017,07,.98461539,UT,Utah
2017,07,.97537881,VA,Virginia
2017,07,1,VI,
2017,07,1,VT,Vermont
2017,07,.98044693,WA,Washington
2017,07,.97844827,WI,Wisconsin
2017,07,.95555556,WV,West Virginia
2017,07,1,WY,Wyoming
2017,08,1,AA,
2017,08,.9375,AE,
2017,08,1,AK,Alaska
2017,08,.97241378,AL,Alabama
2017,08,1,AP,
2017,08,.98058254,AR,Arkansas
2017,08,.98162729,AZ,Arizona
2017,08,.97774088,CA,California
2017,08,.98039216,CO,Colorado
2017,08,.95360827,CT,Connecticut
2017,08,.9813084,DC,District of Columbia
2017,08,.99082571,DE,Delaware
2017,08,.97901118,FL,Florida
2017,08,.98093218,GA,Georgia
2017,08,1,GU,
2017,08,.95348835,HI,Hawaii
2017,08,.96610171,IA,Iowa
2017,08,.98039216,ID,Idaho
2017,08,.99101794,IL,Illinois
2017,08,.96363634,IN,Indiana
2017,08,1,KS,Kansas
2017,08,.98734176,KY,Kentucky
2017,08,.97928995,LA,Louisiana
2017,08,.98475611,MA,Massachusetts
2017,08,.98319328,MD,Maryland
2017,08,.9285714,ME,Maine
2017,08,.98235291,MI,Michigan
2017,08,.96428573,MN,Minnesota
2017,08,.98675495,MO,Missouri
2017,08,.93859649,MS,Mississippi
2017,08,1,MT,Montana
2017,08,.97897196,NC,North Carolina
2017,08,1,ND,North Dakota
2017,08,.96721309,NE,Nebraska
2017,08,.97872341,NH,New Hampshire
2017,08,.98041958,NJ,New Jersey
2017,08,1,NM,New Mexico
2017,08,.9766537,NV,Nevada
2017,08,.9893617,NY,New York
2017,08,.97448981,OH,Ohio
2017,08,.98165137,OK,Oklahoma
2017,08,.96621621,OR,Oregon
2017,08,.97851241,PA,Pennsylvania
2017,08,.98275864,PR,Puerto Rico
2017,08,.97872341,RI,Rhode Island
2017,08,.97084546,SC,South Carolina
2017,08,.93333334,SD,South Dakota
2017,08,.96533334,TN,Tennessee
2017,08,.97841728,TX,Texas
2017,08,.97872341,UT,Utah
2017,08,.98938054,VA,Virginia
2017,08,1,VT,Vermont
2017,08,.95530725,WA,Washington
2017,08,.98305082,WI,Wisconsin
2017,08,.98507464,WV,West Virginia
2017,08,1,WY,Wyoming
2017,09,1,AE,
2017,09,1,AK,Alaska
2017,09,.98909092,AL,Alabama
2017,09,1,AP,
2017,09,.9849624,AR,Arkansas
2017,09,.99060148,AZ,Arizona
2017,09,.98816568,CA,California
2017,09,.98664123,CO,Colorado
2017,09,.99331105,CT,Connecticut
2017,09,.99354839,DC,District of Columbia
2017,09,.99019605,DE,Delaware
2017,09,.99205446,FL,Florida
2017,09,.98717946,GA,Georgia
2017,09,1,GU,
2017,09,.98765433,HI,Hawaii
2017,09,.98581558,IA,Iowa
2017,09,.95959598,ID,Idaho
2017,09,.98460221,IL,Illinois
2017,09,.99373043,IN,Indiana
2017,09,1,KS,Kansas
2017,09,.97424895,KY,Kentucky
2017,09,.9738372,LA,Louisiana
2017,09,.99657536,MA,Massachusetts
2017,09,.99033147,MD,Maryland
2017,09,.98863637,ME,Maine
2017,09,.98325723,MI,Michigan
2017,09,.99453551,MN,Minnesota
2017,09,.98525798,MO,Missouri
2017,09,.98378378,MS,Mississippi
2017,09,.98076922,MT,Montana
2017,09,.98854524,NC,North Carolina
2017,09,1,ND,North Dakota
2017,09,.97196263,NE,Nebraska
2017,09,.9893617,NH,New Hampshire
2017,09,.99144256,NJ,New Jersey
2017,09,.98924732,NM,New Mexico
2017,09,.98467433,NV,Nevada
2017,09,.98774081,NY,New York
2017,09,.98493153,OH,Ohio
2017,09,.98765433,OK,Oklahoma
2017,09,.98123324,OR,Oregon
2017,09,.99299884,PA,Pennsylvania
2017,09,1,PR,Puerto Rico
2017,09,.94520545,RI,Rhode Island
2017,09,.99166667,SC,South Carolina
2017,09,.93333334,SD,South Dakota
2017,09,.99013805,TN,Tennessee
2017,09,.98750001,TX,Texas
2017,09,1,UT,Utah
2017,09,.9935317,VA,Virginia
2017,09,1,VT,Vermont
2017,09,.98273379,WA,Washington
2017,09,.98563218,WI,Wisconsin
2017,09,.984375,WV,West Virginia
2017,09,1,WY,Wyoming
2017,10,1,AE,
2017,10,1,AK,Alaska
2017,10,.9780702,AL,Alabama
2017,10,1,AP,
2017,10,.98888886,AR,Arkansas
2017,10,.96404493,AZ,Arizona
2017,10,.96868807,CA,California
2017,10,.97368419,CO,Colorado
2017,10,.97647059,CT,Connecticut
2017,10,.99029124,DC,District of Columbia
2017,10,.94382024,DE,Delaware
2017,10,.96323532,FL,Florida
2017,10,.96186769,GA,Georgia
2017,10,1,GU,
2017,10,.96226418,HI,Hawaii
2017,10,.98198199,IA,Iowa
2017,10,.94,ID,Idaho
2017,10,.97724402,IL,Illinois
2017,10,.99599999,IN,Indiana
2017,10,.98373985,KS,Kansas
2017,10,.96236557,KY,Kentucky
2017,10,.95614034,LA,Louisiana
2017,10,.99115044,MA,Massachusetts
2017,10,.96857673,MD,Maryland
2017,10,1,ME,Maine
2017,10,.97176468,MI,Michigan
2017,10,.98101264,MN,Minnesota
2017,10,.96428573,MO,Missouri
2017,10,.94594592,MS,Mississippi
2017,10,.94117647,MT,Montana
2017,10,.9605782,NC,North Carolina
2017,10,.93103451,ND,North Dakota
2017,10,.93548387,NE,Nebraska
2017,10,1,NH,New Hampshire
2017,10,.96488762,NJ,New Jersey
2017,10,.95061731,NM,New Mexico
2017,10,.95901638,NV,Nevada
2017,10,.97839999,NY,New York
2017,10,.97342193,OH,Ohio
2017,10,.96739131,OK,Oklahoma
2017,10,.96273291,OR,Oregon
2017,10,.97816592,PA,Pennsylvania
2017,10,1,PR,Puerto Rico
2017,10,.94117647,RI,Rhode Island
2017,10,.96256685,SC,South Carolina
2017,10,.95999998,SD,South Dakota
2017,10,.94850951,TN,Tennessee
2017,10,.96732724,TX,Texas
2017,10,.94505495,UT,Utah
2017,10,.96654278,VA,Virginia
2017,10,1,VT,Vermont
2017,10,.96486485,WA,Washington
2017,10,.96774191,WI,Wisconsin
2017,10,.94915253,WV,West Virginia
2017,10,1,WY,Wyoming
2017,11,1,AE,
2017,11,.95454544,AK,Alaska
2017,11,.94849783,AL,Alabama
2017,11,1,AP,
2017,11,.97391301,AR,Arkansas
2017,11,.95264626,AZ,Arizona
2017,11,.94697303,CA,California
2017,11,.94505495,CO,Colorado
2017,11,.96373057,CT,Connecticut
2017,11,.92134833,DC,District of Columbia
2017,11,.98850572,DE,Delaware
2017,11,.94481981,FL,Florida
2017,11,.91920072,GA,Georgia
2017,11,.86792451,HI,Hawaii
2017,11,.96721309,IA,Iowa
2017,11,.91111112,ID,Idaho
2017,11,.95042324,IL,Illinois
2017,11,.93124998,IN,Indiana
2017,11,.93939394,KS,Kansas
2017,11,.94244605,KY,Kentucky
2017,11,.8974359,LA,Louisiana
2017,11,.96527779,MA,Massachusetts
2017,11,.92791128,MD,Maryland
2017,11,.95238096,ME,Maine
2017,11,.95249999,MI,Michigan
2017,11,.98026317,MN,Minnesota
2017,11,.92094862,MO,Missouri
2017,11,.93382353,MS,Mississippi
2017,11,1,MT,Montana
2017,11,.92447555,NC,North Carolina
2017,11,.90909094,ND,North Dakota
2017,11,.95652175,NE,Nebraska
2017,11,.94594592,NH,New Hampshire
2017,11,.94817072,NJ,New Jersey
2017,11,.98412699,NM,New Mexico
2017,11,.95734596,NV,Nevada
2017,11,.94063544,NY,New York
2017,11,.93344712,OH,Ohio
2017,11,.91935486,OK,Oklahoma
2017,11,.97315437,OR,Oregon
2017,11,.94771242,PA,Pennsylvania
2017,11,1,PR,Puerto Rico
2017,11,.97727275,RI,Rhode Island
2017,11,.93298972,SC,South Carolina
2017,11,.95454544,SD,South Dakota
2017,11,.92628205,TN,Tennessee
2017,11,.93179315,TX,Texas
2017,11,.98809522,UT,Utah
2017,11,.94765341,VA,Virginia
2017,11,.90909094,VT,Vermont
2017,11,.95129871,WA,Washington
2017,11,.92893404,WI,Wisconsin
2017,11,.8974359,WV,West Virginia
2017,11,.875,WY,Wyoming
2017,12,1,AE,
2017,12,1,AK,Alaska
2017,12,.97474748,AL,Alabama
2017,12,1,AP,
2017,12,.99082571,AR,Arkansas
2017,12,.96875,AZ,Arizona
2017,12,.97356075,CA,California
2017,12,.98023713,CO,Colorado
2017,12,.97142857,CT,Connecticut
2017,12,1,DC,District of Columbia
2017,12,.98924732,DE,Delaware
2017,12,.97680688,FL,Florida
2017,12,.97485495,GA,Georgia
2017,12,1,GU,
2017,12,.98550725,HI,Hawaii
2017,12,.99009901,IA,Iowa
2017,12,.969697,ID,Idaho
2017,12,.97790056,IL,Illinois
2017,12,.98490566,IN,Indiana
2017,12,1,KS,Kansas
2017,12,.97093022,KY,Kentucky
2017,12,.97222221,LA,Louisiana
2017,12,.98165137,MA,Massachusetts
2017,12,.98747391,MD,Maryland
2017,12,.91428572,ME,Maine
2017,12,.98522168,MI,Michigan
2017,12,.99236643,MN,Minnesota
2017,12,.97058821,MO,Missouri
2017,12,.95999998,MS,Mississippi
2017,12,.94736844,MT,Montana
2017,12,.96941894,NC,North Carolina
2017,12,1,ND,North Dakota
2017,12,.98461539,NE,Nebraska
2017,12,1,NH,New Hampshire
2017,12,.97913563,NJ,New Jersey
2017,12,.98648649,NM,New Mexico
2017,12,.9778598,NV,Nevada
2017,12,.98784721,NY,New York
2017,12,.98387098,OH,Ohio
2017,12,.95804197,OK,Oklahoma
2017,12,.98648649,OR,Oregon
2017,12,.98558557,PA,Pennsylvania
2017,12,1,PR,Puerto Rico
2017,12,.97368419,RI,Rhode Island
2017,12,.99076921,SC,South Carolina
2017,12,1,SD,South Dakota
2017,12,.97032642,TN,Tennessee
2017,12,.98140275,TX,Texas
2017,12,.95238096,UT,Utah
2017,12,.99365753,VA,Virginia
2017,12,1,VT,Vermont
2017,12,.95637584,WA,Washington
2017,12,.97619045,WI,Wisconsin
2017,12,.97435898,WV,West Virginia
2017,12,.95999998,WY,Wyoming
2018,01,1,AA,
2018,01,1,AE,
2018,01,.95652175,AK,Alaska
2018,01,.99164343,AL,Alabama
2018,01,1,AP,
2018,01,.97872341,AR,Arkansas
2018,01,.97894734,AZ,Arizona
2018,01,.98333335,CA,California
2018,01,.97852761,CO,Colorado
2018,01,.98630136,CT,Connecticut
2018,01,.97902095,DC,District of Columbia
2018,01,1,DE,Delaware
2018,01,.98418641,FL,Florida
2018,01,.98271978,GA,Georgia
2018,01,1,GU,
2018,01,1,HI,Hawaii
2018,01,.97169811,IA,Iowa
2018,01,.98214287,ID,Idaho
2018,01,.97777778,IL,Illinois
2018,01,.98924732,IN,Indiana
2018,01,.97777778,KS,Kansas
2018,01,.98734176,KY,Kentucky
2018,01,.98907101,LA,Louisiana
2018,01,.98026317,MA,Massachusetts
2018,01,.98058254,MD,Maryland
2018,01,.96875,ME,Maine
2018,01,.98102468,MI,Michigan
2018,01,.96721309,MN,Minnesota
2018,01,.98133332,MO,Missouri
2018,01,.95897436,MS,Mississippi
2018,01,.9375,MT,Montana
2018,01,.98154557,NC,North Carolina
2018,01,1,ND,North Dakota
2018,01,.97872341,NE,Nebraska
2018,01,.96923077,NH,New Hampshire
2018,01,.98127753,NJ,New Jersey
2018,01,.96551722,NM,New Mexico
2018,01,.98884761,NV,Nevada
2018,01,.98906356,NY,New York
2018,01,.97142857,OH,Ohio
2018,01,.97530866,OK,Oklahoma
2018,01,.9631902,OR,Oregon
2018,01,.98687351,PA,Pennsylvania
2018,01,.98039216,PR,Puerto Rico
2018,01,.95918369,RI,Rhode Island
2018,01,.97792494,SC,South Carolina
2018,01,1,SD,South Dakota
2018,01,.98429322,TN,Tennessee
2018,01,.97743362,TX,Texas
2018,01,.98571426,UT,Utah
2018,01,.98316497,VA,Virginia
2018,01,1,VI,
2018,01,.95454544,VT,Vermont
2018,01,.93261456,WA,Washington
2018,01,.97747749,WI,Wisconsin
2018,01,.95454544,WV,West Virginia
2018,01,.91666669,WY,Wyoming
2018,02,1,AA,
2018,02,1,AE,
2018,02,1,AK,Alaska
2018,02,.98287672,AL,Alabama
2018,02,1,AP,
2018,02,.99152541,AR,Arkansas
2018,02,.9634465,AZ,Arizona
2018,02,.98261797,CA,California
2018,02,.94968551,CO,Colorado
2018,02,.9868421,CT,Connecticut
2018,02,.98888886,DC,District of Columbia
2018,02,.97802198,DE,Delaware
2018,02,.98419666,FL,Florida
2018,02,.97536945,GA,Georgia
2018,02,1,GU,
2018,02,1,HI,Hawaii
2018,02,.9402985,IA,Iowa
2018,02,.96226418,ID,Idaho
2018,02,.98469388,IL,Illinois
2018,02,.97872341,IN,Indiana
2018,02,1,KS,Kansas
2018,02,.95266271,KY,Kentucky
2018,02,.98344374,LA,Louisiana
2018,02,.99088144,MA,Massachusetts
2018,02,.98514849,MD,Maryland
2018,02,.98275864,ME,Maine
2018,02,.99475527,MI,Michigan
2018,02,.96296299,MN,Minnesota
2018,02,.96839082,MO,Missouri
2018,02,.99561405,MS,Mississippi
2018,02,.93939394,MT,Montana
2018,02,.98064518,NC,North Carolina
2018,02,.94117647,ND,North Dakota
2018,02,.9649123,NE,Nebraska
2018,02,.98275864,NH,New Hampshire
2018,02,.98695654,NJ,New Jersey
2018,02,.9818182,NM,New Mexico
2018,02,.96610171,NV,Nevada
2018,02,.99012905,NY,New York
2018,02,.98116171,OH,Ohio
2018,02,.96732026,OK,Oklahoma
2018,02,.98324025,OR,Oregon
2018,02,.97847921,PA,Pennsylvania
2018,02,1,PR,Puerto Rico
2018,02,1,RI,Rhode Island
2018,02,.96935934,SC,South Carolina
2018,02,1,SD,South Dakota
2018,02,.97506237,TN,Tennessee
2018,02,.98233563,TX,Texas
2018,02,.97093022,UT,Utah
2018,02,.98431373,VA,Virginia
2018,02,1,VI,
2018,02,1,VT,Vermont
2018,02,.97429305,WA,Washington
2018,02,.98283261,WI,Wisconsin
2018,02,.93478262,WV,West Virginia
2018,02,.9285714,WY,Wyoming
2018,03,1,AA,
2018,03,1,AE,
2018,03,.97560978,AK,Alaska
2018,03,.9847095,AL,Alabama
2018,03,1,AP,
2018,03,.97196263,AR,Arkansas
2018,03,.96616542,AZ,Arizona
2018,03,.98683786,CA,California
2018,03,.97175139,CO,Colorado
2018,03,.9829787,CT,Connecticut
2018,03,.98076922,DC,District of Columbia
2018,03,.98979592,DE,Delaware
2018,03,.98836726,FL,Florida
2018,03,1,FM,
2018,03,.9790765,GA,Georgia
2018,03,1,GU,
2018,03,1,HI,Hawaii
2018,03,.94520545,IA,Iowa
2018,03,.98214287,ID,Idaho
2018,03,.98027444,IL,Illinois
2018,03,.96062994,IN,Indiana
2018,03,.9893617,KS,Kansas
2018,03,.97600001,KY,Kentucky
2018,03,.96111113,LA,Louisiana
2018,03,.99315071,MA,Massachusetts
2018,03,.98123825,MD,Maryland
2018,03,1,ME,Maine
2018,03,.98241758,MI,Michigan
2018,03,.98648649,MN,Minnesota
2018,03,.97619045,MO,Missouri
2018,03,.99421966,MS,Mississippi
2018,03,.94444442,MT,Montana
2018,03,.9856115,NC,North Carolina
2018,03,1,ND,North Dakota
2018,03,1,NE,Nebraska
2018,03,.98648649,NH,New Hampshire
2018,03,.99161428,NJ,New Jersey
2018,03,.9861111,NM,New Mexico
2018,03,.9817518,NV,Nevada
2018,03,.99212122,NY,New York
2018,03,.97880793,OH,Ohio
2018,03,.97478992,OK,Oklahoma
2018,03,.94339621,OR,Oregon
2018,03,.9874652,PA,Pennsylvania
2018,03,1,PR,Puerto Rico
2018,03,.97872341,RI,Rhode Island
2018,03,.98776758,SC,South Carolina
2018,03,1,SD,South Dakota
2018,03,.98341233,TN,Tennessee
2018,03,.97863638,TX,Texas
2018,03,.75,UNITED STATES MINOR OUTLYING ISLANDS,
2018,03,.98290598,UT,Utah
2018,03,.98623061,VA,Virginia
2018,03,1,VT,Vermont
2018,03,.97010869,WA,Washington
2018,03,.97512436,WI,Wisconsin
2018,03,.92592591,WV,West Virginia
2018,03,.85000002,WY,Wyoming
2018,04,1,AE,
2018,04,1,AK,Alaska
2018,04,.98076922,AL,Alabama
2018,04,1,AP,
2018,04,.99074072,AR,Arkansas
2018,04,1,AS,
2018,04,.98494625,AZ,Arizona
2018,04,.98291457,CA,California
2018,04,.99415207,CO,Colorado
2018,04,.99256504,CT,Connecticut
2018,04,.99275362,DC,District of Columbia
2018,04,.98260868,DE,Delaware
2018,04,.98934865,FL,Florida
2018,04,1,FM,
2018,04,.9874835,GA,Georgia
2018,04,1,GU,
2018,04,1,HI,Hawaii
2018,04,.96907216,IA,Iowa
2018,04,1,ID,Idaho
2018,04,.99341488,IL,Illinois
2018,04,.98098862,IN,Indiana
2018,04,1,KS,Kansas
2018,04,.97452229,KY,Kentucky
2018,04,.9773463,LA,Louisiana
2018,04,.98673743,MA,Massachusetts
2018,04,.99381763,MD,Maryland
2018,04,.88095236,ME,Maine
2018,04,.99501663,MI,Michigan
2018,04,.98859316,MN,Minnesota
2018,04,.98898071,MO,Missouri
2018,04,.95512819,MS,Mississippi
2018,04,.92682928,MT,Montana
2018,04,.97886395,NC,North Carolina
2018,04,1,ND,North Dakota
2018,04,.95774651,NE,Nebraska
2018,04,1,NH,New Hampshire
2018,04,.9914071,NJ,New Jersey
2018,04,1,NM,New Mexico
2018,04,.97735852,NV,Nevada
2018,04,.99284142,NY,New York
2018,04,.98379254,OH,Ohio
2018,04,.9878788,OK,Oklahoma
2018,04,.97916669,OR,Oregon
2018,04,.98714656,PA,Pennsylvania
2018,04,.97872341,PR,Puerto Rico
2018,04,.97727275,RI,Rhode Island
2018,04,.96756756,SC,South Carolina
2018,04,1,SD,South Dakota
2018,04,.98140496,TN,Tennessee
2018,04,.98542404,TX,Texas
2018,04,.66666669,UNITED STATES MINOR OUTLYING ISLANDS,
2018,04,.9727273,UT,Utah
2018,04,.9873817,VA,Virginia
2018,04,1,VI,
2018,04,1,VT,Vermont
2018,04,.97547686,WA,Washington
2018,04,.98058254,WI,Wisconsin
2018,04,.98148149,WV,West Virginia
2018,04,1,WY,Wyoming
2018,05,1,AA,
2018,05,1,AE,
2018,05,1,AK,Alaska
2018,05,.98407644,AL,Alabama
2018,05,1,AP,
2018,05,.99137932,AR,Arkansas
2018,05,.98468274,AZ,Arizona
2018,05,.98777932,CA,California
2018,05,.97192985,CO,Colorado
2018,05,.99130434,CT,Connecticut
2018,05,1,DC,District of Columbia
2018,05,.99047619,DE,Delaware
2018,05,.9825893,FL,Florida
2018,05,1,FM,
2018,05,.97963637,GA,Georgia
2018,05,1,GU,
2018,05,.97916669,HI,Hawaii
2018,05,.98412699,IA,Iowa
2018,05,1,ID,Idaho
2018,05,.9925611,IL,Illinois
2018,05,.97757846,IN,Indiana
2018,05,.97802198,KS,Kansas
2018,05,.99259257,KY,Kentucky
2018,05,.96857142,LA,Louisiana
2018,05,.99284011,MA,Massachusetts
2018,05,.97872341,MD,Maryland
2018,05,.94999999,ME,Maine
2018,05,.98792756,MI,Michigan
2018,05,.97191012,MN,Minnesota
2018,05,.97794116,MO,Missouri
2018,05,.99354839,MS,Mississippi
2018,05,.93333334,MT,Montana
2018,05,.97337276,NC,North Carolina
2018,05,1,ND,North Dakota
2018,05,.97435898,NE,Nebraska
2018,05,.98113209,NH,New Hampshire
2018,05,.99445063,NJ,New Jersey
2018,05,.98765433,NM,New Mexico
2018,05,.97718632,NV,Nevada
2018,05,.9948287,NY,New York
2018,05,.98677689,OH,Ohio
2018,05,.94117647,OK,Oklahoma
2018,05,.96551722,OR,Oregon
2018,05,.98790324,PA,Pennsylvania
2018,05,.92753625,PR,Puerto Rico
2018,05,1,RI,Rhode Island
2018,05,.97709924,SC,South Carolina
2018,05,.95652175,SD,South Dakota
2018,05,.98898071,TN,Tennessee
2018,05,.98510426,TX,Texas
2018,05,1,UNITED STATES MINOR OUTLYING ISLANDS,
2018,05,.97802198,UT,Utah
2018,05,.98073554,VA,Virginia
2018,05,.93333334,VT,Vermont
2018,05,.97134668,WA,Washington
2018,05,.98260868,WI,Wisconsin
2018,05,.91666669,WV,West Virginia
2018,05,.92307693,WY,Wyoming
2018,06,1,AE,
2018,06,1,AK,Alaska
2018,06,.96581197,AL,Alabama
2018,06,1,AP,
2018,06,.98076922,AR,Arkansas
2018,06,.95717883,AZ,Arizona
2018,06,.97738093,CA,California
2018,06,.96853149,CO,Colorado
2018,06,.98773009,CT,Connecticut
2018,06,1,DC,District of Columbia
2018,06,1,DE,Delaware
2018,06,.98742139,FL,Florida
2018,06,1,FM,
2018,06,.98293513,GA,Georgia
2018,06,1,GU,
2018,06,.95555556,HI,Hawaii
2018,06,.95238096,IA,Iowa
2018,06,.94999999,ID,Idaho
2018,06,.99691677,IL,Illinois
2018,06,.96885812,IN,Indiana
2018,06,.98958331,KS,Kansas
2018,06,.99145299,KY,Kentucky
2018,06,.97250861,LA,Louisiana
2018,06,.98475611,MA,Massachusetts
2018,06,.98064518,MD,Maryland
2018,06,.8888889,ME,Maine
2018,06,.97979796,MI,Michigan
2018,06,.96503496,MN,Minnesota
2018,06,.98966408,MO,Missouri
2018,06,.97674417,MS,Mississippi
2018,06,1,MT,Montana
2018,06,.98920375,NC,North Carolina
2018,06,1,ND,North Dakota
2018,06,.97560978,NE,Nebraska
2018,06,.95238096,NH,New Hampshire
2018,06,.98091042,NJ,New Jersey
2018,06,.95652175,NM,New Mexico
2018,06,.97222221,NV,Nevada
2018,06,.98949736,NY,New York
2018,06,.97346938,OH,Ohio
2018,06,.97115386,OK,Oklahoma
2018,06,.96850395,OR,Oregon
2018,06,.98461539,PA,Pennsylvania
2018,06,1,PR,Puerto Rico
2018,06,.94999999,RI,Rhode Island
2018,06,.97428572,SC,South Carolina
2018,06,.95999998,SD,South Dakota
2018,06,.98165137,TN,Tennessee
2018,06,.98015487,TX,Texas
2018,06,1,UNITED STATES MINOR OUTLYING ISLANDS,
2018,06,.96799999,UT,Utah
2018,06,.97108436,VA,Virginia
2018,06,1,VI,
2018,06,.95454544,VT,Vermont
2018,06,.97727275,WA,Washington
2018,06,.9818182,WI,Wisconsin
2018,06,.8611111,WV,West Virginia
2018,06,1,WY,Wyoming
2018,07,1,AE,
2018,07,.85714287,AK,Alaska
2018,07,.96787149,AL,Alabama
2018,07,1,AP,
2018,07,.99122804,AR,Arkansas
2018,07,.98191214,AZ,Arizona
2018,07,.97839999,CA,California
2018,07,.98490566,CO,Colorado
2018,07,.98245615,CT,Connecticut
2018,07,1,DC,District of Columbia
2018,07,.9893617,DE,Delaware
2018,07,.97928178,FL,Florida
2018,07,1,FM,
2018,07,.9894737,GA,Georgia
2018,07,.94736844,HI,Hawaii
2018,07,.92647058,IA,Iowa
2018,07,.97619045,ID,Idaho
2018,07,.98928571,IL,Illinois
2018,07,.94117647,IN,Indiana
2018,07,.97142857,KS,Kansas
2018,07,.94999999,KY,Kentucky
2018,07,.97538459,LA,Louisiana
2018,07,.9868421,MA,Massachusetts
2018,07,.9766537,MD,Maryland
2018,07,1,ME,Maine
2018,07,.97183096,MI,Michigan
2018,07,.98823529,MN,Minnesota
2018,07,.96928328,MO,Missouri
2018,07,.99435025,MS,Mississippi
2018,07,.96428573,MT,Montana
2018,07,.99146342,NC,North Carolina
2018,07,1,ND,North Dakota
2018,07,1,NE,Nebraska
2018,07,.97619045,NH,New Hampshire
2018,07,.98085421,NJ,New Jersey
2018,07,.97468352,NM,New Mexico
2018,07,.9708029,NV,Nevada
2018,07,.98384726,NY,New York
2018,07,.97852761,OH,Ohio
2018,07,.98550725,OK,Oklahoma
2018,07,.98039216,OR,Oregon
2018,07,.97142857,PA,Pennsylvania
2018,07,.98461539,PR,Puerto Rico
2018,07,.97674417,RI,Rhode Island
2018,07,.98765433,SC,South Carolina
2018,07,1,SD,South Dakota
2018,07,.96476966,TN,Tennessee
2018,07,.97486961,TX,Texas
2018,07,.99519229,UT,Utah
2018,07,.96463656,VA,Virginia
2018,07,1,VI,
2018,07,1,VT,Vermont
2018,07,.97173142,WA,Washington
2018,07,1,WI,Wisconsin
2018,07,1,WV,West Virginia
2018,07,1,WY,Wyoming
2018,08,1,AE,
2018,08,.9285714,AK,Alaska
2018,08,.98884761,AL,Alabama
2018,08,1,AP,
2018,08,.96899223,AR,Arkansas
2018,08,.95689654,AZ,Arizona
2018,08,.97484946,CA,California
2018,08,.98387098,CO,Colorado
2018,08,.99581587,CT,Connecticut
2018,08,.98876405,DC,District of Columbia
2018,08,.96153843,DE,Delaware
2018,08,.98387837,FL,Florida
2018,08,.85714287,FM,
2018,08,.98703277,GA,Georgia
2018,08,1,GU,
2018,08,1,HI,Hawaii
2018,08,1,IA,Iowa
2018,08,1,ID,Idaho
2018,08,.98081535,IL,Illinois
2018,08,.98672569,IN,Indiana
2018,08,.97560978,KS,Kansas
2018,08,.97391301,KY,Kentucky
2018,08,.99101794,LA,Louisiana
2018,08,.98275864,MA,Massachusetts
2018,08,.97894734,MD,Maryland
2018,08,.95652175,ME,Maine
2018,08,.98272139,MI,Michigan
2018,08,.98295456,MN,Minnesota
2018,08,.96646339,MO,Missouri
2018,08,.99435025,MS,Mississippi
2018,08,1,MT,Montana
2018,08,.98830408,NC,North Carolina
2018,08,1,ND,North Dakota
2018,08,1,NE,Nebraska
2018,08,1,NH,New Hampshire
2018,08,.97115386,NJ,New Jersey
2018,08,.99047619,NM,New Mexico
2018,08,.98007971,NV,Nevada
2018,08,.98756045,NY,New York
2018,08,.98058254,OH,Ohio
2018,08,.94999999,OK,Oklahoma
2018,08,.97857141,OR,Oregon
2018,08,.97989953,PA,Pennsylvania
2018,08,.97674417,PR,Puerto Rico
2018,08,.9848485,RI,Rhode Island
2018,08,.9822222,SC,South Carolina
2018,08,1,SD,South Dakota
2018,08,.98081535,TN,Tennessee
2018,08,.98319328,TX,Texas
2018,08,1,UNITED STATES MINOR OUTLYING ISLANDS,
2018,08,.97549021,UT,Utah
2018,08,.96247238,VA,Virginia
2018,08,1,VI,
2018,08,1,VT,Vermont
2018,08,.98269898,WA,Washington
2018,08,.96929824,WI,Wisconsin
2018,08,1,WV,West Virginia
2018,08,1,WY,Wyoming
2018,09,1,AA,
2018,09,1,AE,
2018,09,1,AK,Alaska
2018,09,.97969544,AL,Alabama
2018,09,1,AP,
2018,09,.97241378,AR,Arkansas
2018,09,.97810221,AZ,Arizona
2018,09,.97778767,CA,California
2018,09,.98326361,CO,Colorado
2018,09,.98235291,CT,Connecticut
2018,09,.93975902,DC,District of Columbia
2018,09,.95890409,DE,Delaware
2018,09,.98094332,FL,Florida
2018,09,.94444442,FM,
2018,09,.9817391,GA,Georgia
2018,09,1,GU,
2018,09,.97560978,HI,Hawaii
2018,09,.9512195,IA,Iowa
2018,09,.96226418,ID,Idaho
2018,09,.98679471,IL,Illinois
2018,09,.97487438,IN,Indiana
2018,09,.984375,KS,Kansas
2018,09,.98076922,KY,Kentucky
2018,09,.98095238,LA,Louisiana
2018,09,.99655175,MA,Massachusetts
2018,09,.97831327,MD,Maryland
2018,09,.97222221,ME,Maine
2018,09,.9893899,MI,Michigan
2018,09,.96875,MN,Minnesota
2018,09,.97008544,MO,Missouri
2018,09,.98550725,MS,Mississippi
2018,09,.97777778,MT,Montana
2018,09,.9948718,NC,North Carolina
2018,09,.95652175,ND,North Dakota
2018,09,1,NE,Nebraska
2018,09,.97674417,NH,New Hampshire
2018,09,.96768707,NJ,New Jersey
2018,09,.97297299,NM,New Mexico
2018,09,.97744364,NV,Nevada
2018,09,.99018002,NY,New York
2018,09,.97709924,OH,Ohio
2018,09,.93103451,OK,Oklahoma
2018,09,.96710527,OR,Oregon
2018,09,.98725212,PA,Pennsylvania
2018,09,1,PR,Puerto Rico
2018,09,1,RI,Rhode Island
2018,09,.9873684,SC,South Carolina
2018,09,1,SD,South Dakota
2018,09,.98757762,TN,Tennessee
2018,09,.976834,TX,Texas
2018,09,1,UNITED STATES MINOR OUTLYING ISLANDS,
2018,09,.99000001,UT,Utah
2018,09,.98081023,VA,Virginia
2018,09,1,VI,
2018,09,1,VT,Vermont
2018,09,.9826389,WA,Washington
2018,09,.97500002,WI,Wisconsin
2018,09,1,WV,West Virginia
2018,09,1,WY,Wyoming
2018,10,1,AE,
2018,10,1,AK,Alaska
2018,10,.97628456,AL,Alabama
2018,10,1,AP,
2018,10,.95973152,AR,Arkansas
2018,10,.9827916,AZ,Arizona
2018,10,.98091197,CA,California
2018,10,.9817518,CO,Colorado
2018,10,.98360658,CT,Connecticut
2018,10,.99000001,DC,District of Columbia
2018,10,1,DE,Delaware
2018,10,.98269582,FL,Florida
2018,10,1,FM,
2018,10,.9868319,GA,Georgia
2018,10,1,GU,
2018,10,1,HI,Hawaii
2018,10,.97183096,IA,Iowa
2018,10,.94545454,ID,Idaho
2018,10,.98225468,IL,Illinois
2018,10,.99607843,IN,Indiana
2018,10,.95652175,KS,Kansas
2018,10,.97887325,KY,Kentucky
2018,10,.98828125,LA,Louisiana
2018,10,.98461539,MA,Massachusetts
2018,10,.98058254,MD,Maryland
2018,10,.95348835,ME,Maine
2018,10,.97662336,MI,Michigan
2018,10,1,MN,Minnesota
2018,10,.98780489,MO,Missouri
2018,10,.99489796,MS,Mississippi
2018,10,.91666669,MT,Montana
2018,10,.99018407,NC,North Carolina
2018,10,1,ND,North Dakota
2018,10,.9649123,NE,Nebraska
2018,10,1,NH,New Hampshire
2018,10,.99050635,NJ,New Jersey
2018,10,.98750001,NM,New Mexico
2018,10,.99127907,NV,Nevada
2018,10,.99230766,NY,New York
2018,10,.98872787,OH,Ohio
2018,10,.97058821,OK,Oklahoma
2018,10,.95744681,OR,Oregon
2018,10,.99546826,PA,Pennsylvania
2018,10,1,PR,Puerto Rico
2018,10,1,RI,Rhode Island
2018,10,.98989898,SC,South Carolina
2018,10,.93333334,SD,South Dakota
2018,10,.98128343,TN,Tennessee
2018,10,.98646033,TX,Texas
2018,10,.97727275,UT,Utah
2018,10,.97928435,VA,Virginia
2018,10,1,VI,
2018,10,1,VT,Vermont
2018,10,.9735294,WA,Washington
2018,10,.98076922,WI,Wisconsin
2018,10,.96078432,WV,West Virginia
2018,10,1,WY,Wyoming
2018,11,1,AE,
2018,11,1,AK,Alaska
2018,11,.98678416,AL,Alabama
2018,11,.96571428,AR,Arkansas
2018,11,.97849464,AZ,Arizona
2018,11,.98309976,CA,California
2018,11,.97619045,CO,Colorado
2018,11,.98717946,CT,Connecticut
2018,11,.98360658,DC,District of Columbia
2018,11,.98360658,DE,Delaware
2018,11,.98760968,FL,Florida
2018,11,1,FM,
2018,11,.98280096,GA,Georgia
2018,11,1,GU,
2018,11,.98630136,HI,Hawaii
2018,11,.98333335,IA,Iowa
2018,11,1,ID,Idaho
2018,11,.99150485,IL,Illinois
2018,11,.97512436,IN,Indiana
2018,11,1,KS,Kansas
2018,11,.96396399,KY,Kentucky
2018,11,.94966441,LA,Louisiana
2018,11,.98859316,MA,Massachusetts
2018,11,.98400003,MD,Maryland
2018,11,.97674417,ME,Maine
2018,11,.97860962,MI,Michigan
2018,11,1,MN,Minnesota
2018,11,.98916966,MO,Missouri
2018,11,1,MP,
2018,11,1,MS,Mississippi
2018,11,.84615386,MT,Montana
2018,11,.99108469,NC,North Carolina
2018,11,1,ND,North Dakota
2018,11,1,NE,Nebraska
2018,11,1,NH,New Hampshire
2018,11,.98858076,NJ,New Jersey
2018,11,.96363634,NM,New Mexico
2018,11,.97916669,NV,Nevada
2018,11,.98891526,NY,New York
2018,11,.98627788,OH,Ohio
2018,11,.98039216,OK,Oklahoma
2018,11,.99212599,OR,Oregon
2018,11,.98756659,PA,Pennsylvania
2018,11,.94871795,PR,Puerto Rico
2018,11,.98245615,RI,Rhode Island
2018,11,.98205125,SC,South Carolina
2018,11,.94117647,SD,South Dakota
2018,11,.97500002,TN,Tennessee
2018,11,.9817456,TX,Texas
2018,11,1,UNITED STATES MINOR OUTLYING ISLANDS,
2018,11,.99435025,UT,Utah
2018,11,.97357726,VA,Virginia
2018,11,1,VT,Vermont
2018,11,.95999998,WA,Washington
2018,11,.99421966,WI,Wisconsin
2018,11,.97560978,WV,West Virginia
2018,11,1,WY,Wyoming
2018,12,.66666669,AE,
2018,12,1,AK,Alaska
2018,12,.9757576,AL,Alabama
2018,12,1,AP,
2018,12,.9894737,AR,Arkansas
2018,12,.98095238,AZ,Arizona
2018,12,.98670542,CA,California
2018,12,.97095436,CO,Colorado
2018,12,1,CT,Connecticut
2018,12,.98648649,DC,District of Columbia
2018,12,.97727275,DE,Delaware
2018,12,.99087852,FL,Florida
2018,12,.96866608,GA,Georgia
2018,12,.98214287,HI,Hawaii
2018,12,.93877554,IA,Iowa
2018,12,.97872341,ID,Idaho
2018,12,.99335545,IL,Illinois
2018,12,.97368419,IN,Indiana
2018,12,1,KS,Kansas
2018,12,1,KY,Kentucky
2018,12,.97727275,LA,Louisiana
2018,12,.98920864,MA,Massachusetts
2018,12,.98591548,MD,Maryland
2018,12,.94736844,ME,Maine
2018,12,.99197859,MI,Michigan
2018,12,.98709679,MN,Minnesota
2018,12,.99392098,MO,Missouri
2018,12,.96323532,MS,Mississippi
2018,12,1,MT,Montana
2018,12,.98709679,NC,North Carolina
2018,12,.95454544,ND,North Dakota
2018,12,.96875,NE,Nebraska
2018,12,1,NH,New Hampshire
2018,12,.99331105,NJ,New Jersey
2018,12,1,NM,New Mexico
2018,12,.98214287,NV,Nevada
2018,12,.99119997,NY,New York
2018,12,.98815566,OH,Ohio
2018,12,.98425198,OK,Oklahoma
2018,12,.97709924,OR,Oregon
2018,12,.9758454,PA,Pennsylvania
2018,12,.97058821,PR,Puerto Rico
2018,12,1,RI,Rhode Island
2018,12,.98901099,SC,South Carolina
2018,12,1,SD,South Dakota
2018,12,.97468352,TN,Tennessee
2018,12,.97852761,TX,Texas
2018,12,.5,UNITED STATES MINOR OUTLYING ISLANDS,
2018,12,.9909091,UT,Utah
2018,12,.98194128,VA,Virginia
2018,12,1,VT,Vermont
2018,12,.97857141,WA,Washington
2018,12,.99590164,WI,Wisconsin
2018,12,.98360658,WV,West Virginia
2018,12,.92307693,WY,Wyoming
2019,01,1,AE,
2019,01,1,AK,Alaska
2019,01,.99212599,AL,Alabama
2019,01,1,AP,
2019,01,.97391301,AR,Arkansas
2019,01,.98583567,AZ,Arizona
2019,01,.98691744,CA,California
2019,01,.97446811,CO,Colorado
2019,01,.98816568,CT,Connecticut
2019,01,1,DC,District of Columbia
2019,01,1,DE,Delaware
2019,01,.98905426,FL,Florida
2019,01,.9840796,GA,Georgia
2019,01,1,GU,
2019,01,.96551722,HI,Hawaii
2019,01,.95999998,IA,Iowa
2019,01,.97872341,ID,Idaho
2019,01,.98773009,IL,Illinois
2019,01,.99481863,IN,Indiana
2019,01,.9894737,KS,Kansas
2019,01,1,KY,Kentucky
2019,01,.9825784,LA,Louisiana
2019,01,.99259257,MA,Massachusetts
2019,01,.97243106,MD,Maryland
2019,01,.97500002,ME,Maine
2019,01,.98387098,MI,Michigan
2019,01,.99431819,MN,Minnesota
2019,01,.99363059,MO,Missouri
2019,01,.98425198,MS,Mississippi
2019,01,1,MT,Montana
2019,01,.98763525,NC,North Carolina
2019,01,1,ND,North Dakota
2019,01,1,NE,Nebraska
2019,01,.98148149,NH,New Hampshire
2019,01,.9949066,NJ,New Jersey
2019,01,.96226418,NM,New Mexico
2019,01,.96691179,NV,Nevada
2019,01,.98180312,NY,New York
2019,01,.98673302,OH,Ohio
2019,01,.98913044,OK,Oklahoma
2019,01,.96774191,OR,Oregon
2019,01,.98200899,PA,Pennsylvania
2019,01,.97142857,PR,Puerto Rico
2019,01,1,RI,Rhode Island
2019,01,.98000002,SC,South Carolina
2019,01,1,SD,South Dakota
2019,01,.98235291,TN,Tennessee
2019,01,.98399144,TX,Texas
2019,01,1,UNITED STATES MINOR OUTLYING ISLANDS,
2019,01,.99038464,UT,Utah
2019,01,.99186993,VA,Virginia
2019,01,1,VT,Vermont
2019,01,.96167248,WA,Washington
2019,01,.98295456,WI,Wisconsin
2019,01,.94999999,WV,West Virginia
2019,01,1,WY,Wyoming
2019,02,1,AE,
2019,02,.9285714,AK,Alaska
2019,02,.96666664,AL,Alabama
2019,02,1,AP,
2019,02,.9512195,AR,Arkansas
2019,02,.98305082,AZ,Arizona
2019,02,.98029757,CA,California
2019,02,.97643095,CO,Colorado
2019,02,.98198199,CT,Connecticut
2019,02,.97560978,DC,District of Columbia
2019,02,.96052629,DE,Delaware
2019,02,.98273027,FL,Florida
2019,02,.97749197,GA,Georgia
2019,02,1,GU,
2019,02,1,HI,Hawaii
2019,02,1,IA,Iowa
2019,02,1,ID,Idaho
2019,02,.98672569,IL,Illinois
2019,02,.98275864,IN,Indiana
2019,02,.97260273,KS,Kansas
2019,02,.97959185,KY,Kentucky
2019,02,.97881359,LA,Louisiana
2019,02,.97306395,MA,Massachusetts
2019,02,.97500002,MD,Maryland
2019,02,.91666669,ME,Maine
2019,02,.98445594,MI,Michigan
2019,02,.971223,MN,Minnesota
2019,02,.98921835,MO,Missouri
2019,02,.97945207,MS,Mississippi
2019,02,1,MT,Montana
2019,02,.9920761,NC,North Carolina
2019,02,1,ND,North Dakota
2019,02,1,NE,Nebraska
2019,02,1,NH,New Hampshire
2019,02,.984326,NJ,New Jersey
2019,02,.98333335,NM,New Mexico
2019,02,.95330739,NV,Nevada
2019,02,.98434007,NY,New York
2019,02,.96557659,OH,Ohio
2019,02,.95495498,OK,Oklahoma
2019,02,.99270076,OR,Oregon
2019,02,.97708672,PA,Pennsylvania
2019,02,.94871795,PR,Puerto Rico
2019,02,.97916669,RI,Rhode Island
2019,02,.97733712,SC,South Carolina
2019,02,.90909094,SD,South Dakota
2019,02,.9757576,TN,Tennessee
2019,02,.97654587,TX,Texas
2019,02,1,UNITED STATES MINOR OUTLYING ISLANDS,
2019,02,.99127907,UT,Utah
2019,02,.97528517,VA,Virginia
2019,02,1,VI,
2019,02,1,VT,Vermont
2019,02,.94814813,WA,Washington
2019,02,.98395723,WI,Wisconsin
2019,02,.96296299,WV,West Virginia
2019,02,1,WY,Wyoming
2019,03,1,AE,
2019,03,1,AK,Alaska
2019,03,.99248123,AL,Alabama
2019,03,1,AP,
2019,03,.95959598,AR,Arkansas
2019,03,.99084669,AZ,Arizona
2019,03,.98612559,CA,California
2019,03,.9672727,CO,Colorado
2019,03,.97590363,CT,Connecticut
2019,03,.98305082,DC,District of Columbia
2019,03,.98924732,DE,Delaware
2019,03,.98403531,FL,Florida
2019,03,.99057347,GA,Georgia
2019,03,1,GU,
2019,03,.96923077,HI,Hawaii
2019,03,.9868421,IA,Iowa
2019,03,1,ID,Idaho
2019,03,.98859751,IL,Illinois
2019,03,.98387098,IN,Indiana
2019,03,1,KS,Kansas
2019,03,.96688741,KY,Kentucky
2019,03,.98032784,LA,Louisiana
2019,03,.99339932,MA,Massachusetts
2019,03,.97804391,MD,Maryland
2019,03,.92105263,ME,Maine
2019,03,1,MH,
2019,03,.98828125,MI,Michigan
2019,03,.99509805,MN,Minnesota
2019,03,.98126465,MO,Missouri
2019,03,1,MP,
2019,03,.9921875,MS,Mississippi
2019,03,.96551722,MT,Montana
2019,03,.98888886,NC,North Carolina
2019,03,1,ND,North Dakota
2019,03,.94230771,NE,Nebraska
2019,03,.969697,NH,New Hampshire
2019,03,.98191214,NJ,New Jersey
2019,03,.96590906,NM,New Mexico
2019,03,.98032784,NV,Nevada
2019,03,.98887515,NY,New York
2019,03,.98225808,OH,Ohio
2019,03,.97777778,OK,Oklahoma
2019,03,.98726118,OR,Oregon
2019,03,.98030126,PA,Pennsylvania
2019,03,.97916669,PR,Puerto Rico
2019,03,1,RI,Rhode Island
2019,03,.98498499,SC,South Carolina
2019,03,.92000002,SD,South Dakota
2019,03,.98226166,TN,Tennessee
2019,03,.98223472,TX,Texas
2019,03,.9890511,UT,Utah
2019,03,.98863637,VA,Virginia
2019,03,1,VI,
2019,03,1,VT,Vermont
2019,03,.99053627,WA,Washington
2019,03,.98809522,WI,Wisconsin
2019,03,1,WV,West Virginia
2019,03,.95454544,WY,Wyoming
2019,04,1,AA,
2019,04,1,AE,
2019,04,1,AK,Alaska
2019,04,.97009969,AL,Alabama
2019,04,1,AP,
2019,04,.9741379,AR,Arkansas
2019,04,.98449612,AZ,Arizona
2019,04,.98646671,CA,California
2019,04,.9813084,CO,Colorado
2019,04,.97899157,CT,Connecticut
2019,04,.97580647,DC,District of Columbia
2019,04,.98550725,DE,Delaware
2019,04,.98862463,FL,Florida
2019,04,.98019123,GA,Georgia
2019,04,1,GU,
2019,04,1,HI,Hawaii
2019,04,.97297299,IA,Iowa
2019,04,.93023258,ID,Idaho
2019,04,.98909092,IL,Illinois
2019,04,.98775512,IN,Indiana
2019,04,1,KS,Kansas
2019,04,1,KY,Kentucky
2019,04,.9849624,LA,Louisiana
2019,04,.98285717,MA,Massachusetts
2019,04,.97942388,MD,Maryland
2019,04,1,ME,Maine
2019,04,.99003983,MI,Michigan
2019,04,.98979592,MN,Minnesota
2019,04,.98697919,MO,Missouri
2019,04,.96774191,MS,Mississippi
2019,04,1,MT,Montana
2019,04,.98367953,NC,North Carolina
2019,04,.96296299,ND,North Dakota
2019,04,1,NE,Nebraska
2019,04,.96923077,NH,New Hampshire
2019,04,.98461539,NJ,New Jersey
2019,04,.97560978,NM,New Mexico
2019,04,.99702382,NV,Nevada
2019,04,.98980892,NY,New York
2019,04,.9848485,OH,Ohio
2019,04,.97857141,OK,Oklahoma
2019,04,1,OR,Oregon
2019,04,.98616874,PA,Pennsylvania
2019,04,1,PR,Puerto Rico
2019,04,.97872341,RI,Rhode Island
2019,04,.98060942,SC,South Carolina
2019,04,1,SD,South Dakota
2019,04,.98795182,TN,Tennessee
2019,04,.98380953,TX,Texas
2019,04,.99408287,UT,Utah
2019,04,.98850572,VA,Virginia
2019,04,1,VI,
2019,04,1,VT,Vermont
2019,04,.98192769,WA,Washington
2019,04,.98360658,WI,Wisconsin
2019,04,1,WV,West Virginia
2019,04,.93333334,WY,Wyoming
2019,05,1,AE,
2019,05,1,AK,Alaska
2019,05,.9852941,AL,Alabama
2019,05,1,AP,
2019,05,.96062994,AR,Arkansas
2019,05,.97555012,AZ,Arizona
2019,05,.98673183,CA,California
2019,05,.99624062,CO,Colorado
2019,05,.98536587,CT,Connecticut
2019,05,.99122804,DC,District of Columbia
2019,05,.9512195,DE,Delaware
2019,05,.98866856,FL,Florida
2019,05,.97976273,GA,Georgia
2019,05,1,GU,
2019,05,.984375,HI,Hawaii
2019,05,1,IA,Iowa
2019,05,1,ID,Idaho
2019,05,.98542601,IL,Illinois
2019,05,.97652584,IN,Indiana
2019,05,.92592591,KS,Kansas
2019,05,.99290782,KY,Kentucky
2019,05,.9700461,LA,Louisiana
2019,05,.98618782,MA,Massachusetts
2019,05,.973535,MD,Maryland
2019,05,.95555556,ME,Maine
2019,05,.97987926,MI,Michigan
2019,05,.99156117,MN,Minnesota
2019,05,.98604649,MO,Missouri
2019,05,.98051947,MS,Mississippi
2019,05,1,MT,Montana
2019,05,.99112803,NC,North Carolina
2019,05,.95454544,ND,North Dakota
2019,05,.969697,NE,Nebraska
2019,05,1,NH,New Hampshire
2019,05,.99026424,NJ,New Jersey
2019,05,.97872341,NM,New Mexico
2019,05,.97471911,NV,Nevada
2019,05,.99270892,NY,New York
2019,05,.97730708,OH,Ohio
2019,05,.97959185,OK,Oklahoma
2019,05,.99404764,OR,Oregon
2019,05,.98593348,PA,Pennsylvania
2019,05,1,PR,Puerto Rico
2019,05,.9848485,RI,Rhode Island
2019,05,.96187681,SC,South Carolina
2019,05,1,SD,South Dakota
2019,05,.97732425,TN,Tennessee
2019,05,.98666054,TX,Texas
2019,05,1,UNITED STATES MINOR OUTLYING ISLANDS,
2019,05,.9662447,UT,Utah
2019,05,.98378378,VA,Virginia
2019,05,1,VI,
2019,05,1,VT,Vermont
2019,05,.9719888,WA,Washington
2019,05,.993007,WI,Wisconsin
2019,05,.88235295,WV,West Virginia
2019,05,.95833331,WY,Wyoming
2019,06,1,AE,
2019,06,1,AK,Alaska
2019,06,.99475068,AL,Alabama
2019,06,1,AP,
2019,06,.94117647,AR,Arkansas
2019,06,.98816568,AZ,Arizona
2019,06,.98590094,CA,California
2019,06,.9868421,CO,Colorado
2019,06,1,CT,Connecticut
2019,06,1,DC,District of Columbia
2019,06,.98913044,DE,Delaware
2019,06,.99007869,FL,Florida
2019,06,.98811293,GA,Georgia
2019,06,1,GU,
2019,06,1,HI,Hawaii
2019,06,.9649123,IA,Iowa
2019,06,.98245615,ID,Idaho
2019,06,.98828125,IL,Illinois
2019,06,.93959731,IN,Indiana
2019,06,.93846154,KS,Kansas
2019,06,1,KY,Kentucky
2019,06,.96952909,LA,Louisiana
2019,06,.98666668,MA,Massachusetts
2019,06,.97899157,MD,Maryland
2019,06,.97142857,ME,Maine
2019,06,.98651683,MI,Michigan
2019,06,.97247708,MN,Minnesota
2019,06,.97979796,MO,Missouri
2019,06,1,MS,Mississippi
2019,06,1,MT,Montana
2019,06,.98751736,NC,North Carolina
2019,06,1,ND,North Dakota
2019,06,.97619045,NE,Nebraska
2019,06,.98591548,NH,New Hampshire
2019,06,.98326361,NJ,New Jersey
2019,06,1,NM,New Mexico
2019,06,.97843665,NV,Nevada
2019,06,.99110848,NY,New York
2019,06,.98787063,OH,Ohio
2019,06,.99009901,OK,Oklahoma
2019,06,.97278911,OR,Oregon
2019,06,.97884345,PA,Pennsylvania
2019,06,1,PR,Puerto Rico
2019,06,1,RI,Rhode Island
2019,06,.9849624,SC,South Carolina
2019,06,1,SD,South Dakota
2019,06,.97399527,TN,Tennessee
2019,06,.98658592,TX,Texas
2019,06,1,UNITED STATES MINOR OUTLYING ISLANDS,
2019,06,.98660713,UT,Utah
2019,06,.98620689,VA,Virginia
2019,06,1,VI,
2019,06,1,VT,Vermont
2019,06,.96978021,WA,Washington
2019,06,.98048782,WI,Wisconsin
2019,06,.94871795,WV,West Virginia
2019,06,1,WY,Wyoming
2019,07,1,AE,
2019,07,1,AK,Alaska
2019,07,.97321427,AL,Alabama
2019,07,1,AP,
2019,07,.97321427,AR,Arkansas
2019,07,.98701298,AZ,Arizona
2019,07,.98307955,CA,California
2019,07,.97553515,CO,Colorado
2019,07,.99166667,CT,Connecticut
2019,07,.98802394,DC,District of Columbia
2019,07,1,DE,Delaware
2019,07,.98807222,FL,Florida
2019,07,.98670518,GA,Georgia
2019,07,1,GU,
2019,07,.984375,HI,Hawaii
2019,07,.98648649,IA,Iowa
2019,07,1,ID,Idaho
2019,07,.98955065,IL,Illinois
2019,07,.98019803,IN,Indiana
2019,07,1,KS,Kansas
2019,07,1,KY,Kentucky
2019,07,.97329378,LA,Louisiana
2019,07,.99328858,MA,Massachusetts
2019,07,.98473281,MD,Maryland
2019,07,.96875,ME,Maine
2019,07,.97722566,MI,Michigan
2019,07,.98660713,MN,Minnesota
2019,07,.98976982,MO,Missouri
2019,07,.98076922,MS,Mississippi
2019,07,1,MT,Montana
2019,07,.98656213,NC,North Carolina
2019,07,1,ND,North Dakota
2019,07,1,NE,Nebraska
2019,07,1,NH,New Hampshire
2019,07,.99110544,NJ,New Jersey
2019,07,1,NM,New Mexico
2019,07,.97935104,NV,Nevada
2019,07,.99088961,NY,New York
2019,07,.9847095,OH,Ohio
2019,07,.99145299,OK,Oklahoma
2019,07,.98136646,OR,Oregon
2019,07,.98791945,PA,Pennsylvania
2019,07,.95999998,PR,Puerto Rico
2019,07,.98863637,RI,Rhode Island
2019,07,.99236643,SC,South Carolina
2019,07,1,SD,South Dakota
2019,07,.98143238,TN,Tennessee
2019,07,.98561466,TX,Texas
2019,07,1,UNITED STATES MINOR OUTLYING ISLANDS,
2019,07,.98828125,UT,Utah
2019,07,.99515349,VA,Virginia
2019,07,1,VI,
2019,07,1,VT,Vermont
2019,07,.97977531,WA,Washington
2019,07,.98342544,WI,Wisconsin
2019,07,1,WV,West Virginia
2019,07,1,WY,Wyoming
2019,08,1,AE,
2019,08,1,AK,Alaska
2019,08,.99445981,AL,Alabama
2019,08,1,AP,
2019,08,.99193549,AR,Arkansas
2019,08,.97489542,AZ,Arizona
2019,08,.98617375,CA,California
2019,08,.98148149,CO,Colorado
2019,08,.98173517,CT,Connecticut
2019,08,.99074072,DC,District of Columbia
2019,08,1,DE,Delaware
2019,08,.98705989,FL,Florida
2019,08,.98698884,GA,Georgia
2019,08,1,GU,
2019,08,1,HI,Hawaii
2019,08,.9921875,IA,Iowa
2019,08,.98630136,ID,Idaho
2019,08,.99003983,IL,Illinois
2019,08,.98054475,IN,Indiana
2019,08,.9818182,KS,Kansas
2019,08,.98648649,KY,Kentucky
2019,08,.99166667,LA,Louisiana
2019,08,.99453551,MA,Massachusetts
2019,08,.98523206,MD,Maryland
2019,08,.93548387,ME,Maine
2019,08,.9882583,MI,Michigan
2019,08,.98924732,MN,Minnesota
2019,08,.97994989,MO,Missouri
2019,08,.96721309,MS,Mississippi
2019,08,.95238096,MT,Montana
2019,08,.99007446,NC,North Carolina
2019,08,1,ND,North Dakota
2019,08,1,NE,Nebraska
2019,08,.98039216,NH,New Hampshire
2019,08,.98619103,NJ,New Jersey
2019,08,.9861111,NM,New Mexico
2019,08,.99161428,NV,Nevada
2019,08,.99109793,NY,New York
2019,08,.98932928,OH,Ohio
2019,08,.9708029,OK,Oklahoma
2019,08,.98369563,OR,Oregon
2019,08,.99316627,PA,Pennsylvania
2019,08,.98076922,PR,Puerto Rico
2019,08,.95918369,RI,Rhode Island
2019,08,.98536587,SC,South Carolina
2019,08,.94444442,SD,South Dakota
2019,08,.97991073,TN,Tennessee
2019,08,.98705935,TX,Texas
2019,08,1,UNITED STATES MINOR OUTLYING ISLANDS,
2019,08,.99312717,UT,Utah
2019,08,.98342544,VA,Virginia
2019,08,1,VI,
2019,08,1,VT,Vermont
2019,08,.97674417,WA,Washington
2019,08,1,WI,Wisconsin
2019,08,.98000002,WV,West Virginia
2019,08,.95555556,WY,Wyoming
2019,09,.83333331,AE,
2019,09,.875,AK,Alaska
2019,09,.99103141,AL,Alabama
2019,09,1,AP,
2019,09,.96799999,AR,Arkansas
2019,09,.98263025,AZ,Arizona
2019,09,.98286325,CA,California
2019,09,.98586571,CO,Colorado
2019,09,.97276264,CT,Connecticut
2019,09,1,DC,District of Columbia
2019,09,.97196263,DE,Delaware
2019,09,.98789424,FL,Florida
2019,09,.98630136,GA,Georgia
2019,09,1,GU,
2019,09,1,HI,Hawaii
2019,09,.96249998,IA,Iowa
2019,09,.98275864,ID,Idaho
2019,09,.98869348,IL,Illinois
2019,09,.98086125,IN,Indiana
2019,09,.99180329,KS,Kansas
2019,09,.98726118,KY,Kentucky
2019,09,.97727275,LA,Louisiana
2019,09,.98756218,MA,Massachusetts
2019,09,.97265625,MD,Maryland
2019,09,.92592591,ME,Maine
2019,09,.98319328,MI,Michigan
2019,09,.98453611,MN,Minnesota
2019,09,.99701494,MO,Missouri
2019,09,.99253732,MS,Mississippi
2019,09,1,MT,Montana
2019,09,.99221182,NC,North Carolina
2019,09,1,ND,North Dakota
2019,09,.97777778,NE,Nebraska
2019,09,.97560978,NH,New Hampshire
2019,09,.99023712,NJ,New Jersey
2019,09,1,NM,New Mexico
2019,09,.98663104,NV,Nevada
2019,09,.99088317,NY,New York
2019,09,.98596489,OH,Ohio
2019,09,.96946567,OK,Oklahoma
2019,09,.97637796,OR,Oregon
2019,09,.9878453,PA,Pennsylvania
2019,09,1,PR,Puerto Rico
2019,09,1,RI,Rhode Island
2019,09,.97500002,SC,South Carolina
2019,09,.94444442,SD,South Dakota
2019,09,.98333335,TN,Tennessee
2019,09,.98471618,TX,Texas
2019,09,1,UNITED STATES MINOR OUTLYING ISLANDS,
2019,09,.99625468,UT,Utah
2019,09,.98387098,VA,Virginia
2019,09,1,VI,
2019,09,1,VT,Vermont
2019,09,.98039216,WA,Washington
2019,09,.98989898,WI,Wisconsin
2019,09,.98148149,WV,West Virginia
2019,09,1,WY,Wyoming
2019,10,1,AE,
2019,10,1,AK,Alaska
2019,10,.98753119,AL,Alabama
2019,10,1,AP,
2019,10,.97222221,AR,Arkansas
2019,10,.98786408,AZ,Arizona
2019,10,.98039216,CA,California
2019,10,.99184781,CO,Colorado
2019,10,.98897058,CT,Connecticut
2019,10,.98473281,DC,District of Columbia
2019,10,.99180329,DE,Delaware
2019,10,.98719901,FL,Florida
2019,10,.97918218,GA,Georgia
2019,10,1,GU,
2019,10,.98507464,HI,Hawaii
2019,10,.94915253,IA,Iowa
2019,10,.98275864,ID,Idaho
2019,10,.98294884,IL,Illinois
2019,10,.98039216,IN,Indiana
2019,10,.95061731,KS,Kansas
2019,10,.98507464,KY,Kentucky
2019,10,.97229218,LA,Louisiana
2019,10,.98837209,MA,Massachusetts
2019,10,.97891039,MD,Maryland
2019,10,.94871795,ME,Maine
2019,10,.9912892,MI,Michigan
2019,10,.96698111,MN,Minnesota
2019,10,.9947781,MO,Missouri
2019,10,.99290782,MS,Mississippi
2019,10,.97619045,MT,Montana
2019,10,.98837209,NC,North Carolina
2019,10,1,ND,North Dakota
2019,10,.98305082,NE,Nebraska
2019,10,1,NH,New Hampshire
2019,10,.98309493,NJ,New Jersey
2019,10,.96774191,NM,New Mexico
2019,10,.97613883,NV,Nevada
2019,10,.98783457,NY,New York
2019,10,.99186993,OH,Ohio
2019,10,.97087377,OK,Oklahoma
2019,10,.97500002,OR,Oregon
2019,10,.99089873,PA,Pennsylvania
2019,10,.94736844,PR,Puerto Rico
2019,10,1,RI,Rhode Island
2019,10,.98314607,SC,South Carolina
2019,10,1,SD,South Dakota
2019,10,.97409326,TN,Tennessee
2019,10,.98913497,TX,Texas
2019,10,1,UNITED STATES MINOR OUTLYING ISLANDS,
2019,10,.99052131,UT,Utah
2019,10,.98301888,VA,Virginia
2019,10,1,VI,
2019,10,1,VT,Vermont
2019,10,.97826087,WA,Washington
2019,10,.98514849,WI,Wisconsin
2019,10,1,WV,West Virginia
2019,10,.95999998,WY,Wyoming
2019,11,1,AE,
2019,11,1,AK,Alaska
2019,11,.99029124,AL,Alabama
2019,11,1,AP,
2019,11,.98265898,AR,Arkansas
2019,11,.97118157,AZ,Arizona
2019,11,.98104954,CA,California
2019,11,.98701298,CO,Colorado
2019,11,.9952153,CT,Connecticut
2019,11,.99000001,DC,District of Columbia
2019,11,.98387098,DE,Delaware
2019,11,.98919094,FL,Florida
2019,11,.98071426,GA,Georgia
2019,11,.94,HI,Hawaii
2019,11,.97674417,IA,Iowa
2019,11,.96610171,ID,Idaho
2019,11,.9814077,IL,Illinois
2019,11,.97572815,IN,Indiana
2019,11,.97692305,KS,Kansas
2019,11,.99047619,KY,Kentucky
2019,11,.99538106,LA,Louisiana
2019,11,.98904109,MA,Massachusetts
2019,11,.98326361,MD,Maryland
2019,11,.93333334,ME,Maine
2019,11,.98013246,MI,Michigan
2019,11,.97560978,MN,Minnesota
2019,11,.99650347,MO,Missouri
2019,11,.99248123,MS,Mississippi
2019,11,1,MT,Montana
2019,11,.98816568,NC,North Carolina
2019,11,1,ND,North Dakota
2019,11,1,NE,Nebraska
2019,11,.94871795,NH,New Hampshire
2019,11,.98232692,NJ,New Jersey
2019,11,.9649123,NM,New Mexico
2019,11,.9848485,NV,Nevada
2019,11,.99189347,NY,New York
2019,11,.98942596,OH,Ohio
2019,11,.954023,OK,Oklahoma
2019,11,.9757576,OR,Oregon
2019,11,.98113209,PA,Pennsylvania
2019,11,.92500001,PR,Puerto Rico
2019,11,.9285714,RI,Rhode Island
2019,11,.97731566,SC,South Carolina
2019,11,1,SD,South Dakota
2019,11,.97179484,TN,Tennessee
2019,11,.98595786,TX,Texas
2019,11,.98445594,UT,Utah
2019,11,.98903507,VA,Virginia
2019,11,1,VI,
2019,11,1,VT,Vermont
2019,11,.96774191,WA,Washington
2019,11,.98617512,WI,Wisconsin
2019,11,.9852941,WV,West Virginia
2019,11,1,WY,Wyoming
2019,12,1,AE,
2019,12,.95238096,AK,Alaska
2019,12,.986911,AL,Alabama
2019,12,1,AP,
2019,12,.97849464,AR,Arkansas
2019,12,1,AS,
2019,12,.98802394,AZ,Arizona
2019,12,.98427123,CA,California
2019,12,.99259257,CO,Colorado
2019,12,.99227798,CT,Connecticut
2019,12,1,DC,District of Columbia
2019,12,1,DE,Delaware
2019,12,.98902607,FL,Florida
2019,12,.98243046,GA,Georgia
2019,12,1,GU,
2019,12,.91891891,HI,Hawaii
2019,12,.94736844,IA,Iowa
2019,12,1,ID,Idaho
2019,12,.98940396,IL,Illinois
2019,12,.98453611,IN,Indiana
2019,12,.96907216,KS,Kansas
2019,12,1,KY,Kentucky
2019,12,.99285716,LA,Louisiana
2019,12,.99013156,MA,Massachusetts
2019,12,.98853213,MD,Maryland
2019,12,.96551722,ME,Maine
2019,12,.98543692,MI,Michigan
2019,12,.98522168,MN,Minnesota
2019,12,.96428573,MO,Missouri
2019,12,.97435898,MS,Mississippi
2019,12,1,MT,Montana
2019,12,.97896439,NC,North Carolina
2019,12,.9375,ND,North Dakota
2019,12,.9512195,NE,Nebraska
2019,12,1,NH,New Hampshire
2019,12,.98891968,NJ,New Jersey
2019,12,.97500002,NM,New Mexico
2019,12,.98309177,NV,Nevada
2019,12,.99003518,NY,New York
2019,12,.98201442,OH,Ohio
2019,12,.98979592,OK,Oklahoma
2019,12,.98657715,OR,Oregon
2019,12,.98871648,PA,Pennsylvania
2019,12,.98039216,PR,Puerto Rico
2019,12,.97368419,RI,Rhode Island
2019,12,.97399527,SC,South Carolina
2019,12,1,SD,South Dakota
2019,12,.96692109,TN,Tennessee
2019,12,.97648901,TX,Texas
2019,12,1,UNITED STATES MINOR OUTLYING ISLANDS,
2019,12,.97354496,UT,Utah
2019,12,.99071926,VA,Virginia
2019,12,1,VI,
2019,12,.94444442,VT,Vermont
2019,12,.9766537,WA,Washington
2019,12,.98255813,WI,Wisconsin
2019,12,1,WV,West Virginia
2019,12,1,WY,Wyoming
