state,year,states,month,timelyresponse_rate
AE,2017,,01,1
AK,2017,Alaska,01,.81481481
AL,2017,Alabama,01,.94716984
AP,2017,,01,1
AR,2017,Arkansas,01,.98214287
AS,2017,,01,1
AZ,2017,Arizona,01,.96598637
CA,2017,California,01,.9575845
CO,2017,Colorado,01,.95331693
CT,2017,Connecticut,01,.96753246
DC,2017,District of Columbia,01,.9528302
DE,2017,Delaware,01,.94594592
FL,2017,Florida,01,.96088433
GA,2017,Georgia,01,.96134871
GU,2017,,01,1
HI,2017,Hawaii,01,.94545454
IA,2017,Iowa,01,.97183096
ID,2017,Idaho,01,.91428572
IL,2017,Illinois,01,.97690529
IN,2017,Indiana,01,.95604396
KS,2017,Kansas,01,.96610171
KY,2017,Kentucky,01,.97142857
LA,2017,Louisiana,01,.98809522
MA,2017,Massachusetts,01,.98826289
MD,2017,Maryland,01,.96337581
ME,2017,Maine,01,.96666664
MH,2017,,01,1
MI,2017,Michigan,01,.98113209
MN,2017,Minnesota,01,.96774191
MO,2017,Missouri,01,.96979868
MS,2017,Mississippi,01,.94999999
MT,2017,Montana,01,.9375
NC,2017,North Carolina,01,.95503879
ND,2017,North Dakota,01,.96428573
NE,2017,Nebraska,01,.96666664
NH,2017,New Hampshire,01,.95833331
NJ,2017,New Jersey,01,.96732026
NM,2017,New Mexico,01,.9518072
NV,2017,Nevada,01,.95416665
NY,2017,New York,01,.97596502
OH,2017,Ohio,01,.96755165
OK,2017,Oklahoma,01,.95774651
OR,2017,Oregon,01,.96875
PA,2017,Pennsylvania,01,.9665072
PR,2017,Puerto Rico,01,.96078432
PW,2017,,01,1
RI,2017,Rhode Island,01,1
SC,2017,South Carolina,01,.96793002
SD,2017,South Dakota,01,.97619045
TN,2017,Tennessee,01,.97777778
TX,2017,Texas,01,.96183205
UT,2017,Utah,01,.91397852
VA,2017,Virginia,01,.96167248
VI,2017,,01,1
VT,2017,Vermont,01,1
WA,2017,Washington,01,.95465994
WI,2017,Wisconsin,01,.96744186
WV,2017,West Virginia,01,.98214287
WY,2017,Wyoming,01,.78260869
AE,2017,,02,1
AK,2017,Alaska,02,.93333334
AL,2017,Alabama,02,.9579832
AP,2017,,02,1
AR,2017,Arkansas,02,.96153843
AS,2017,,02,1
AZ,2017,Arizona,02,.96590906
CA,2017,California,02,.9472307
CO,2017,Colorado,02,.96296299
CT,2017,Connecticut,02,.97402596
DC,2017,District of Columbia,02,.97297299
DE,2017,Delaware,02,.96875
FL,2017,Florida,02,.97261149
FM,2017,,02,1
GA,2017,Georgia,02,.9590643
GU,2017,,02,1
HI,2017,Hawaii,02,.88135594
IA,2017,Iowa,02,.95945948
ID,2017,Idaho,02,.95555556
IL,2017,Illinois,02,.97811216
IN,2017,Indiana,02,.98591548
KS,2017,Kansas,02,.97802198
KY,2017,Kentucky,02,.97457629
LA,2017,Louisiana,02,.96791446
MA,2017,Massachusetts,02,.97910446
MD,2017,Maryland,02,.96625221
ME,2017,Maine,02,.9818182
MI,2017,Michigan,02,.96651787
MN,2017,Minnesota,02,.96629214
MO,2017,Missouri,02,.98226953
MP,2017,,02,1
MS,2017,Mississippi,02,.96428573
MT,2017,Montana,02,.96296299
NC,2017,North Carolina,02,.9720149
ND,2017,North Dakota,02,1
NE,2017,Nebraska,02,.921875
NH,2017,New Hampshire,02,.96875
NJ,2017,New Jersey,02,.96408045
NM,2017,New Mexico,02,.93846154
NV,2017,Nevada,02,.94652408
NY,2017,New York,02,.98123825
OH,2017,Ohio,02,.97058821
OK,2017,Oklahoma,02,.94696969
OR,2017,Oregon,02,.97260273
PA,2017,Pennsylvania,02,.96932513
PR,2017,Puerto Rico,02,1
RI,2017,Rhode Island,02,1
SC,2017,South Carolina,02,.95341617
SD,2017,South Dakota,02,.91666669
TN,2017,Tennessee,02,.94957983
TX,2017,Texas,02,.9721362
UT,2017,Utah,02,.95959598
VA,2017,Virginia,02,.94535518
VI,2017,,02,1
VT,2017,Vermont,02,.92307693
WA,2017,Washington,02,.96880734
WI,2017,Wisconsin,02,.94968551
WV,2017,West Virginia,02,1
WY,2017,Wyoming,02,1
AE,2017,,03,1
AK,2017,Alaska,03,1
AL,2017,Alabama,03,.97368419
AP,2017,,03,1
AR,2017,Arkansas,03,.96385545
AS,2017,,03,1
AZ,2017,Arizona,03,.96511626
CA,2017,California,03,.95995468
CO,2017,Colorado,03,.96209913
CT,2017,Connecticut,03,.96170211
DC,2017,District of Columbia,03,.95999998
DE,2017,Delaware,03,.99346405
FL,2017,Florida,03,.97000533
GA,2017,Georgia,03,.96826833
GU,2017,,03,1
HI,2017,Hawaii,03,.98214287
IA,2017,Iowa,03,.95161289
ID,2017,Idaho,03,.9848485
IL,2017,Illinois,03,.97953618
IN,2017,Indiana,03,.97014928
KS,2017,Kansas,03,.93406594
KY,2017,Kentucky,03,.9856115
LA,2017,Louisiana,03,.94715446
MA,2017,Massachusetts,03,.96883851
MD,2017,Maryland,03,.97402596
ME,2017,Maine,03,.90909094
MI,2017,Michigan,03,.98681319
MN,2017,Minnesota,03,.97188753
MO,2017,Missouri,03,.97106111
MP,2017,,03,1
MS,2017,Mississippi,03,.95172411
MT,2017,Montana,03,.97058821
NC,2017,North Carolina,03,.9773519
ND,2017,North Dakota,03,.969697
NE,2017,Nebraska,03,.94444442
NH,2017,New Hampshire,03,.98461539
NJ,2017,New Jersey,03,.96883851
NM,2017,New Mexico,03,.9512195
NV,2017,Nevada,03,.95667869
NY,2017,New York,03,.97661293
OH,2017,Ohio,03,.96838599
OK,2017,Oklahoma,03,.96551722
OR,2017,Oregon,03,.97435898
PA,2017,Pennsylvania,03,.96774191
PR,2017,Puerto Rico,03,.97916669
RI,2017,Rhode Island,03,.96428573
SC,2017,South Carolina,03,.97546011
SD,2017,South Dakota,03,.8611111
TN,2017,Tennessee,03,.93768549
TX,2017,Texas,03,.97463125
UT,2017,Utah,03,.96747965
VA,2017,Virginia,03,.96370238
VI,2017,,03,1
VT,2017,Vermont,03,1
WA,2017,Washington,03,.96758103
WI,2017,Wisconsin,03,.96484375
WV,2017,West Virginia,03,.97727275
WY,2017,Wyoming,03,.94999999
AE,2017,,04,1
AK,2017,Alaska,04,1
AL,2017,Alabama,04,.97863245
AP,2017,,04,1
AR,2017,Arkansas,04,.95535713
AS,2017,,04,1
AZ,2017,Arizona,04,.97374701
CA,2017,California,04,.97559911
CO,2017,Colorado,04,.97202796
CT,2017,Connecticut,04,.98818898
DC,2017,District of Columbia,04,.990991
DE,2017,Delaware,04,.97979796
FL,2017,Florida,04,.97748488
FM,2017,,04,1
GA,2017,Georgia,04,.97718012
GU,2017,,04,1
HI,2017,Hawaii,04,.98245615
IA,2017,Iowa,04,.96875
ID,2017,Idaho,04,.97777778
IL,2017,Illinois,04,.98005319
IN,2017,Indiana,04,.97014928
KS,2017,Kansas,04,.96428573
KY,2017,Kentucky,04,.96575344
LA,2017,Louisiana,04,.96981132
MA,2017,Massachusetts,04,.98062015
MD,2017,Maryland,04,.9883495
ME,2017,Maine,04,1
MI,2017,Michigan,04,.98218262
MN,2017,Minnesota,04,.97183096
MO,2017,Missouri,04,.98290598
MS,2017,Mississippi,04,.97247708
MT,2017,Montana,04,.94117647
NC,2017,North Carolina,04,.97142857
ND,2017,North Dakota,04,.94999999
NE,2017,Nebraska,04,.98550725
NH,2017,New Hampshire,04,1
NJ,2017,New Jersey,04,.97133219
NM,2017,New Mexico,04,.97777778
NV,2017,Nevada,04,.97685188
NY,2017,New York,04,.98320895
OH,2017,Ohio,04,.96078432
OK,2017,Oklahoma,04,.969697
OR,2017,Oregon,04,.96666664
PA,2017,Pennsylvania,04,.98327136
PR,2017,Puerto Rico,04,.94736844
RI,2017,Rhode Island,04,.984375
SC,2017,South Carolina,04,.95833331
SD,2017,South Dakota,04,1
TN,2017,Tennessee,04,.96396399
TX,2017,Texas,04,.98046464
UT,2017,Utah,04,.97478992
VA,2017,Virginia,04,.99130434
VI,2017,,04,1
VT,2017,Vermont,04,.96296299
WA,2017,Washington,04,.9860335
WI,2017,Wisconsin,04,.97093022
WV,2017,West Virginia,04,.94594592
WY,2017,Wyoming,04,1
AE,2017,,05,.85714287
AK,2017,Alaska,05,.92592591
AL,2017,Alabama,05,.93560606
AP,2017,,05,.83333331
AR,2017,Arkansas,05,.93548387
AZ,2017,Arizona,05,.95238096
CA,2017,California,05,.95345861
CO,2017,Colorado,05,.95637584
CT,2017,Connecticut,05,.99004978
DC,2017,District of Columbia,05,.98969072
DE,2017,Delaware,05,.98076922
FL,2017,Florida,05,.95822722
GA,2017,Georgia,05,.9468165
GU,2017,,05,1
HI,2017,Hawaii,05,.93548387
IA,2017,Iowa,05,.984375
ID,2017,Idaho,05,.92156863
IL,2017,Illinois,05,.9576869
IN,2017,Indiana,05,.92975205
KS,2017,Kansas,05,.95744681
KY,2017,Kentucky,05,.94117647
LA,2017,Louisiana,05,.972
MA,2017,Massachusetts,05,.98559076
MD,2017,Maryland,05,.94669116
ME,2017,Maine,05,.96610171
MI,2017,Michigan,05,.96559632
MN,2017,Minnesota,05,.94382024
MO,2017,Missouri,05,.94514769
MS,2017,Mississippi,05,.97931033
MT,2017,Montana,05,1
NC,2017,North Carolina,05,.92880797
ND,2017,North Dakota,05,1
NE,2017,Nebraska,05,1
NH,2017,New Hampshire,05,.98113209
NJ,2017,New Jersey,05,.96334308
NM,2017,New Mexico,05,.98461539
NV,2017,Nevada,05,.94545454
NY,2017,New York,05,.96832937
OH,2017,Ohio,05,.96830988
OK,2017,Oklahoma,05,.91666669
OR,2017,Oregon,05,.96296299
PA,2017,Pennsylvania,05,.96283782
PR,2017,Puerto Rico,05,.9649123
RI,2017,Rhode Island,05,.97260273
SC,2017,South Carolina,05,.93678159
SD,2017,South Dakota,05,1
TN,2017,Tennessee,05,.93235296
TX,2017,Texas,05,.95109892
UT,2017,Utah,05,.96323532
VA,2017,Virginia,05,.94969821
VI,2017,,05,1
VT,2017,Vermont,05,1
WA,2017,Washington,05,.95505619
WI,2017,Wisconsin,05,.97311831
WV,2017,West Virginia,05,.96153843
WY,2017,Wyoming,05,.91666669
AE,2017,,06,1
AK,2017,Alaska,06,1
AL,2017,Alabama,06,.98281789
AP,2017,,06,1
AR,2017,Arkansas,06,.97777778
AZ,2017,Arizona,06,.98620689
CA,2017,California,06,.98030823
CO,2017,Colorado,06,.97318006
CT,2017,Connecticut,06,.99029124
DC,2017,District of Columbia,06,.96703297
DE,2017,Delaware,06,.96153843
FL,2017,Florida,06,.98334289
FM,2017,,06,1
GA,2017,Georgia,06,.97375107
GU,2017,,06,1
HI,2017,Hawaii,06,1
IA,2017,Iowa,06,.98461539
ID,2017,Idaho,06,1
IL,2017,Illinois,06,.98834199
IN,2017,Indiana,06,.98723406
KS,2017,Kansas,06,.99242425
KY,2017,Kentucky,06,.97841728
LA,2017,Louisiana,06,.97324413
MA,2017,Massachusetts,06,.98884761
MD,2017,Maryland,06,.97276264
ME,2017,Maine,06,.96428573
MI,2017,Michigan,06,.98128343
MN,2017,Minnesota,06,.98888886
MO,2017,Missouri,06,.98214287
MS,2017,Mississippi,06,.9579832
MT,2017,Montana,06,.9130435
NC,2017,North Carolina,06,.97802198
ND,2017,North Dakota,06,.97435898
NE,2017,Nebraska,06,.97777778
NH,2017,New Hampshire,06,.96363634
NJ,2017,New Jersey,06,.97815913
NM,2017,New Mexico,06,.98795182
NV,2017,Nevada,06,.98654711
NY,2017,New York,06,.98010379
OH,2017,Ohio,06,.96137339
OK,2017,Oklahoma,06,.97647059
OR,2017,Oregon,06,.96470588
PA,2017,Pennsylvania,06,.98185116
PR,2017,Puerto Rico,06,1
RI,2017,Rhode Island,06,1
SC,2017,South Carolina,06,.98011363
SD,2017,South Dakota,06,.94999999
TN,2017,Tennessee,06,.97350991
TX,2017,Texas,06,.97844112
UT,2017,Utah,06,.94565219
VA,2017,Virginia,06,.98743266
VT,2017,Vermont,06,1
WA,2017,Washington,06,.97402596
WI,2017,Wisconsin,06,.98076922
WV,2017,West Virginia,06,.97560978
WY,2017,Wyoming,06,1
AA,2017,,07,1
AE,2017,,07,1
AK,2017,Alaska,07,1
AL,2017,Alabama,07,.98136646
AP,2017,,07,1
AR,2017,Arkansas,07,.9708029
AZ,2017,Arizona,07,.99047619
CA,2017,California,07,.97649032
CO,2017,Colorado,07,.97909409
CT,2017,Connecticut,07,.99159664
DC,2017,District of Columbia,07,.97849464
DE,2017,Delaware,07,.98750001
FL,2017,Florida,07,.98321342
GA,2017,Georgia,07,.97902095
GU,2017,,07,1
HI,2017,Hawaii,07,.93103451
IA,2017,Iowa,07,.984375
ID,2017,Idaho,07,1
IL,2017,Illinois,07,.98400003
IN,2017,Indiana,07,.9675926
KS,2017,Kansas,07,.98701298
KY,2017,Kentucky,07,1
LA,2017,Louisiana,07,.98513013
MA,2017,Massachusetts,07,.99350649
MD,2017,Maryland,07,.98639458
ME,2017,Maine,07,1
MI,2017,Michigan,07,.98620689
MN,2017,Minnesota,07,.98378378
MO,2017,Missouri,07,.97872341
MS,2017,Mississippi,07,.97222221
MT,2017,Montana,07,1
NC,2017,North Carolina,07,.97888201
ND,2017,North Dakota,07,.97222221
NE,2017,Nebraska,07,.98275864
NH,2017,New Hampshire,07,1
NJ,2017,New Jersey,07,.98327762
NM,2017,New Mexico,07,.98809522
NV,2017,Nevada,07,.98880595
NY,2017,New York,07,.99054545
OH,2017,Ohio,07,.97611463
OK,2017,Oklahoma,07,.98507464
OR,2017,Oregon,07,.97368419
PA,2017,Pennsylvania,07,.98275864
PR,2017,Puerto Rico,07,.96875
RI,2017,Rhode Island,07,1
SC,2017,South Carolina,07,.97953218
SD,2017,South Dakota,07,1
TN,2017,Tennessee,07,.96263736
TX,2017,Texas,07,.9835391
UT,2017,Utah,07,.98461539
VA,2017,Virginia,07,.97537881
VI,2017,,07,1
VT,2017,Vermont,07,1
WA,2017,Washington,07,.98044693
WI,2017,Wisconsin,07,.97844827
WV,2017,West Virginia,07,.95555556
WY,2017,Wyoming,07,1
AA,2017,,08,1
AE,2017,,08,.9375
AK,2017,Alaska,08,1
AL,2017,Alabama,08,.97241378
AP,2017,,08,1
AR,2017,Arkansas,08,.98058254
AZ,2017,Arizona,08,.98162729
CA,2017,California,08,.97774088
CO,2017,Colorado,08,.98039216
CT,2017,Connecticut,08,.95360827
DC,2017,District of Columbia,08,.9813084
DE,2017,Delaware,08,.99082571
FL,2017,Florida,08,.97901118
GA,2017,Georgia,08,.98093218
GU,2017,,08,1
HI,2017,Hawaii,08,.95348835
IA,2017,Iowa,08,.96610171
ID,2017,Idaho,08,.98039216
IL,2017,Illinois,08,.99101794
IN,2017,Indiana,08,.96363634
KS,2017,Kansas,08,1
KY,2017,Kentucky,08,.98734176
LA,2017,Louisiana,08,.97928995
MA,2017,Massachusetts,08,.98475611
MD,2017,Maryland,08,.98319328
ME,2017,Maine,08,.9285714
MI,2017,Michigan,08,.98235291
MN,2017,Minnesota,08,.96428573
MO,2017,Missouri,08,.98675495
MS,2017,Mississippi,08,.93859649
MT,2017,Montana,08,1
NC,2017,North Carolina,08,.97897196
ND,2017,North Dakota,08,1
NE,2017,Nebraska,08,.96721309
NH,2017,New Hampshire,08,.97872341
NJ,2017,New Jersey,08,.98041958
NM,2017,New Mexico,08,1
NV,2017,Nevada,08,.9766537
NY,2017,New York,08,.9893617
OH,2017,Ohio,08,.97448981
OK,2017,Oklahoma,08,.98165137
OR,2017,Oregon,08,.96621621
PA,2017,Pennsylvania,08,.97851241
PR,2017,Puerto Rico,08,.98275864
RI,2017,Rhode Island,08,.97872341
SC,2017,South Carolina,08,.97084546
SD,2017,South Dakota,08,.93333334
TN,2017,Tennessee,08,.96533334
TX,2017,Texas,08,.97841728
UT,2017,Utah,08,.97872341
VA,2017,Virginia,08,.98938054
VT,2017,Vermont,08,1
WA,2017,Washington,08,.95530725
WI,2017,Wisconsin,08,.98305082
WV,2017,West Virginia,08,.98507464
WY,2017,Wyoming,08,1
AE,2017,,09,1
AK,2017,Alaska,09,1
AL,2017,Alabama,09,.98909092
AP,2017,,09,1
AR,2017,Arkansas,09,.9849624
AZ,2017,Arizona,09,.99060148
CA,2017,California,09,.98816568
CO,2017,Colorado,09,.98664123
CT,2017,Connecticut,09,.99331105
DC,2017,District of Columbia,09,.99354839
DE,2017,Delaware,09,.99019605
FL,2017,Florida,09,.99205446
GA,2017,Georgia,09,.98717946
GU,2017,,09,1
HI,2017,Hawaii,09,.98765433
IA,2017,Iowa,09,.98581558
ID,2017,Idaho,09,.95959598
IL,2017,Illinois,09,.98460221
IN,2017,Indiana,09,.99373043
KS,2017,Kansas,09,1
KY,2017,Kentucky,09,.97424895
LA,2017,Louisiana,09,.9738372
MA,2017,Massachusetts,09,.99657536
MD,2017,Maryland,09,.99033147
ME,2017,Maine,09,.98863637
MI,2017,Michigan,09,.98325723
MN,2017,Minnesota,09,.99453551
MO,2017,Missouri,09,.98525798
MS,2017,Mississippi,09,.98378378
MT,2017,Montana,09,.98076922
NC,2017,North Carolina,09,.98854524
ND,2017,North Dakota,09,1
NE,2017,Nebraska,09,.97196263
NH,2017,New Hampshire,09,.9893617
NJ,2017,New Jersey,09,.99144256
NM,2017,New Mexico,09,.98924732
NV,2017,Nevada,09,.98467433
NY,2017,New York,09,.98774081
OH,2017,Ohio,09,.98493153
OK,2017,Oklahoma,09,.98765433
OR,2017,Oregon,09,.98123324
PA,2017,Pennsylvania,09,.99299884
PR,2017,Puerto Rico,09,1
RI,2017,Rhode Island,09,.94520545
SC,2017,South Carolina,09,.99166667
SD,2017,South Dakota,09,.93333334
TN,2017,Tennessee,09,.99013805
TX,2017,Texas,09,.98750001
UT,2017,Utah,09,1
VA,2017,Virginia,09,.9935317
VT,2017,Vermont,09,1
WA,2017,Washington,09,.98273379
WI,2017,Wisconsin,09,.98563218
WV,2017,West Virginia,09,.984375
WY,2017,Wyoming,09,1
AE,2017,,10,1
AK,2017,Alaska,10,1
AL,2017,Alabama,10,.9780702
AP,2017,,10,1
AR,2017,Arkansas,10,.98888886
AZ,2017,Arizona,10,.96404493
CA,2017,California,10,.96868807
CO,2017,Colorado,10,.97368419
CT,2017,Connecticut,10,.97647059
DC,2017,District of Columbia,10,.99029124
DE,2017,Delaware,10,.94382024
FL,2017,Florida,10,.96323532
GA,2017,Georgia,10,.96186769
GU,2017,,10,1
HI,2017,Hawaii,10,.96226418
IA,2017,Iowa,10,.98198199
ID,2017,Idaho,10,.94
IL,2017,Illinois,10,.97724402
IN,2017,Indiana,10,.99599999
KS,2017,Kansas,10,.98373985
KY,2017,Kentucky,10,.96236557
LA,2017,Louisiana,10,.95614034
MA,2017,Massachusetts,10,.99115044
MD,2017,Maryland,10,.96857673
ME,2017,Maine,10,1
MI,2017,Michigan,10,.97176468
MN,2017,Minnesota,10,.98101264
MO,2017,Missouri,10,.96428573
MS,2017,Mississippi,10,.94594592
MT,2017,Montana,10,.94117647
NC,2017,North Carolina,10,.9605782
ND,2017,North Dakota,10,.93103451
NE,2017,Nebraska,10,.93548387
NH,2017,New Hampshire,10,1
NJ,2017,New Jersey,10,.96488762
NM,2017,New Mexico,10,.95061731
NV,2017,Nevada,10,.95901638
NY,2017,New York,10,.97839999
OH,2017,Ohio,10,.97342193
OK,2017,Oklahoma,10,.96739131
OR,2017,Oregon,10,.96273291
PA,2017,Pennsylvania,10,.97816592
PR,2017,Puerto Rico,10,1
RI,2017,Rhode Island,10,.94117647
SC,2017,South Carolina,10,.96256685
SD,2017,South Dakota,10,.95999998
TN,2017,Tennessee,10,.94850951
TX,2017,Texas,10,.96732724
UT,2017,Utah,10,.94505495
VA,2017,Virginia,10,.96654278
VT,2017,Vermont,10,1
WA,2017,Washington,10,.96486485
WI,2017,Wisconsin,10,.96774191
WV,2017,West Virginia,10,.94915253
WY,2017,Wyoming,10,1
AE,2017,,11,1
AK,2017,Alaska,11,.95454544
AL,2017,Alabama,11,.94849783
AP,2017,,11,1
AR,2017,Arkansas,11,.97391301
AZ,2017,Arizona,11,.95264626
CA,2017,California,11,.94697303
CO,2017,Colorado,11,.94505495
CT,2017,Connecticut,11,.96373057
DC,2017,District of Columbia,11,.92134833
DE,2017,Delaware,11,.98850572
FL,2017,Florida,11,.94481981
GA,2017,Georgia,11,.91920072
HI,2017,Hawaii,11,.86792451
IA,2017,Iowa,11,.96721309
ID,2017,Idaho,11,.91111112
IL,2017,Illinois,11,.95042324
IN,2017,Indiana,11,.93124998
KS,2017,Kansas,11,.93939394
KY,2017,Kentucky,11,.94244605
LA,2017,Louisiana,11,.8974359
MA,2017,Massachusetts,11,.96527779
MD,2017,Maryland,11,.92791128
ME,2017,Maine,11,.95238096
MI,2017,Michigan,11,.95249999
MN,2017,Minnesota,11,.98026317
MO,2017,Missouri,11,.92094862
MS,2017,Mississippi,11,.93382353
MT,2017,Montana,11,1
NC,2017,North Carolina,11,.92447555
ND,2017,North Dakota,11,.90909094
NE,2017,Nebraska,11,.95652175
NH,2017,New Hampshire,11,.94594592
NJ,2017,New Jersey,11,.94817072
NM,2017,New Mexico,11,.98412699
NV,2017,Nevada,11,.95734596
NY,2017,New York,11,.94063544
OH,2017,Ohio,11,.93344712
OK,2017,Oklahoma,11,.91935486
OR,2017,Oregon,11,.97315437
PA,2017,Pennsylvania,11,.94771242
PR,2017,Puerto Rico,11,1
RI,2017,Rhode Island,11,.97727275
SC,2017,South Carolina,11,.93298972
SD,2017,South Dakota,11,.95454544
TN,2017,Tennessee,11,.92628205
TX,2017,Texas,11,.93179315
UT,2017,Utah,11,.98809522
VA,2017,Virginia,11,.94765341
VT,2017,Vermont,11,.90909094
WA,2017,Washington,11,.95129871
WI,2017,Wisconsin,11,.92893404
WV,2017,West Virginia,11,.8974359
WY,2017,Wyoming,11,.875
AE,2017,,12,1
AK,2017,Alaska,12,1
AL,2017,Alabama,12,.97474748
AP,2017,,12,1
AR,2017,Arkansas,12,.99082571
AZ,2017,Arizona,12,.96875
CA,2017,California,12,.97356075
CO,2017,Colorado,12,.98023713
CT,2017,Connecticut,12,.97142857
DC,2017,District of Columbia,12,1
DE,2017,Delaware,12,.98924732
FL,2017,Florida,12,.97680688
GA,2017,Georgia,12,.97485495
GU,2017,,12,1
HI,2017,Hawaii,12,.98550725
IA,2017,Iowa,12,.99009901
ID,2017,Idaho,12,.969697
IL,2017,Illinois,12,.97790056
IN,2017,Indiana,12,.98490566
KS,2017,Kansas,12,1
KY,2017,Kentucky,12,.97093022
LA,2017,Louisiana,12,.97222221
MA,2017,Massachusetts,12,.98165137
MD,2017,Maryland,12,.98747391
ME,2017,Maine,12,.91428572
MI,2017,Michigan,12,.98522168
MN,2017,Minnesota,12,.99236643
MO,2017,Missouri,12,.97058821
MS,2017,Mississippi,12,.95999998
MT,2017,Montana,12,.94736844
NC,2017,North Carolina,12,.96941894
ND,2017,North Dakota,12,1
NE,2017,Nebraska,12,.98461539
NH,2017,New Hampshire,12,1
NJ,2017,New Jersey,12,.97913563
NM,2017,New Mexico,12,.98648649
NV,2017,Nevada,12,.9778598
NY,2017,New York,12,.98784721
OH,2017,Ohio,12,.98387098
OK,2017,Oklahoma,12,.95804197
OR,2017,Oregon,12,.98648649
PA,2017,Pennsylvania,12,.98558557
PR,2017,Puerto Rico,12,1
RI,2017,Rhode Island,12,.97368419
SC,2017,South Carolina,12,.99076921
SD,2017,South Dakota,12,1
TN,2017,Tennessee,12,.97032642
TX,2017,Texas,12,.98140275
UT,2017,Utah,12,.95238096
VA,2017,Virginia,12,.99365753
VT,2017,Vermont,12,1
WA,2017,Washington,12,.95637584
WI,2017,Wisconsin,12,.97619045
WV,2017,West Virginia,12,.97435898
WY,2017,Wyoming,12,.95999998
AA,2018,,01,1
AE,2018,,01,1
AK,2018,Alaska,01,.95652175
AL,2018,Alabama,01,.99164343
AP,2018,,01,1
AR,2018,Arkansas,01,.97872341
AZ,2018,Arizona,01,.97894734
CA,2018,California,01,.98333335
CO,2018,Colorado,01,.97852761
CT,2018,Connecticut,01,.98630136
DC,2018,District of Columbia,01,.97902095
DE,2018,Delaware,01,1
FL,2018,Florida,01,.98418641
GA,2018,Georgia,01,.98271978
GU,2018,,01,1
HI,2018,Hawaii,01,1
IA,2018,Iowa,01,.97169811
ID,2018,Idaho,01,.98214287
IL,2018,Illinois,01,.97777778
IN,2018,Indiana,01,.98924732
KS,2018,Kansas,01,.97777778
KY,2018,Kentucky,01,.98734176
LA,2018,Louisiana,01,.98907101
MA,2018,Massachusetts,01,.98026317
MD,2018,Maryland,01,.98058254
ME,2018,Maine,01,.96875
MI,2018,Michigan,01,.98102468
MN,2018,Minnesota,01,.96721309
MO,2018,Missouri,01,.98133332
MS,2018,Mississippi,01,.95897436
MT,2018,Montana,01,.9375
NC,2018,North Carolina,01,.98154557
ND,2018,North Dakota,01,1
NE,2018,Nebraska,01,.97872341
NH,2018,New Hampshire,01,.96923077
NJ,2018,New Jersey,01,.98127753
NM,2018,New Mexico,01,.96551722
NV,2018,Nevada,01,.98884761
NY,2018,New York,01,.98906356
OH,2018,Ohio,01,.97142857
OK,2018,Oklahoma,01,.97530866
OR,2018,Oregon,01,.9631902
PA,2018,Pennsylvania,01,.98687351
PR,2018,Puerto Rico,01,.98039216
RI,2018,Rhode Island,01,.95918369
SC,2018,South Carolina,01,.97792494
SD,2018,South Dakota,01,1
TN,2018,Tennessee,01,.98429322
TX,2018,Texas,01,.97743362
UT,2018,Utah,01,.98571426
VA,2018,Virginia,01,.98316497
VI,2018,,01,1
VT,2018,Vermont,01,.95454544
WA,2018,Washington,01,.93261456
WI,2018,Wisconsin,01,.97747749
WV,2018,West Virginia,01,.95454544
WY,2018,Wyoming,01,.91666669
AA,2018,,02,1
AE,2018,,02,1
AK,2018,Alaska,02,1
AL,2018,Alabama,02,.98287672
AP,2018,,02,1
AR,2018,Arkansas,02,.99152541
AZ,2018,Arizona,02,.9634465
CA,2018,California,02,.98261797
CO,2018,Colorado,02,.94968551
CT,2018,Connecticut,02,.9868421
DC,2018,District of Columbia,02,.98888886
DE,2018,Delaware,02,.97802198
FL,2018,Florida,02,.98419666
GA,2018,Georgia,02,.97536945
GU,2018,,02,1
HI,2018,Hawaii,02,1
IA,2018,Iowa,02,.9402985
ID,2018,Idaho,02,.96226418
IL,2018,Illinois,02,.98469388
IN,2018,Indiana,02,.97872341
KS,2018,Kansas,02,1
KY,2018,Kentucky,02,.95266271
LA,2018,Louisiana,02,.98344374
MA,2018,Massachusetts,02,.99088144
MD,2018,Maryland,02,.98514849
ME,2018,Maine,02,.98275864
MI,2018,Michigan,02,.99475527
MN,2018,Minnesota,02,.96296299
MO,2018,Missouri,02,.96839082
MS,2018,Mississippi,02,.99561405
MT,2018,Montana,02,.93939394
NC,2018,North Carolina,02,.98064518
ND,2018,North Dakota,02,.94117647
NE,2018,Nebraska,02,.9649123
NH,2018,New Hampshire,02,.98275864
NJ,2018,New Jersey,02,.98695654
NM,2018,New Mexico,02,.9818182
NV,2018,Nevada,02,.96610171
NY,2018,New York,02,.99012905
OH,2018,Ohio,02,.98116171
OK,2018,Oklahoma,02,.96732026
OR,2018,Oregon,02,.98324025
PA,2018,Pennsylvania,02,.97847921
PR,2018,Puerto Rico,02,1
RI,2018,Rhode Island,02,1
SC,2018,South Carolina,02,.96935934
SD,2018,South Dakota,02,1
TN,2018,Tennessee,02,.97506237
TX,2018,Texas,02,.98233563
UT,2018,Utah,02,.97093022
VA,2018,Virginia,02,.98431373
VI,2018,,02,1
VT,2018,Vermont,02,1
WA,2018,Washington,02,.97429305
WI,2018,Wisconsin,02,.98283261
WV,2018,West Virginia,02,.93478262
WY,2018,Wyoming,02,.9285714
AA,2018,,03,1
AE,2018,,03,1
AK,2018,Alaska,03,.97560978
AL,2018,Alabama,03,.9847095
AP,2018,,03,1
AR,2018,Arkansas,03,.97196263
AZ,2018,Arizona,03,.96616542
CA,2018,California,03,.98683786
CO,2018,Colorado,03,.97175139
CT,2018,Connecticut,03,.9829787
DC,2018,District of Columbia,03,.98076922
DE,2018,Delaware,03,.98979592
FL,2018,Florida,03,.98836726
FM,2018,,03,1
GA,2018,Georgia,03,.9790765
GU,2018,,03,1
HI,2018,Hawaii,03,1
IA,2018,Iowa,03,.94520545
ID,2018,Idaho,03,.98214287
IL,2018,Illinois,03,.98027444
IN,2018,Indiana,03,.96062994
KS,2018,Kansas,03,.9893617
KY,2018,Kentucky,03,.97600001
LA,2018,Louisiana,03,.96111113
MA,2018,Massachusetts,03,.99315071
MD,2018,Maryland,03,.98123825
ME,2018,Maine,03,1
MI,2018,Michigan,03,.98241758
MN,2018,Minnesota,03,.98648649
MO,2018,Missouri,03,.97619045
MS,2018,Mississippi,03,.99421966
MT,2018,Montana,03,.94444442
NC,2018,North Carolina,03,.9856115
ND,2018,North Dakota,03,1
NE,2018,Nebraska,03,1
NH,2018,New Hampshire,03,.98648649
NJ,2018,New Jersey,03,.99161428
NM,2018,New Mexico,03,.9861111
NV,2018,Nevada,03,.9817518
NY,2018,New York,03,.99212122
OH,2018,Ohio,03,.97880793
OK,2018,Oklahoma,03,.97478992
OR,2018,Oregon,03,.94339621
PA,2018,Pennsylvania,03,.9874652
PR,2018,Puerto Rico,03,1
RI,2018,Rhode Island,03,.97872341
SC,2018,South Carolina,03,.98776758
SD,2018,South Dakota,03,1
TN,2018,Tennessee,03,.98341233
TX,2018,Texas,03,.97863638
UNITED STATES MINOR OUTLYING ISLANDS,2018,,03,.75
UT,2018,Utah,03,.98290598
VA,2018,Virginia,03,.98623061
VT,2018,Vermont,03,1
WA,2018,Washington,03,.97010869
WI,2018,Wisconsin,03,.97512436
WV,2018,West Virginia,03,.92592591
WY,2018,Wyoming,03,.85000002
AE,2018,,04,1
AK,2018,Alaska,04,1
AL,2018,Alabama,04,.98076922
AP,2018,,04,1
AR,2018,Arkansas,04,.99074072
AS,2018,,04,1
AZ,2018,Arizona,04,.98494625
CA,2018,California,04,.98291457
CO,2018,Colorado,04,.99415207
CT,2018,Connecticut,04,.99256504
DC,2018,District of Columbia,04,.99275362
DE,2018,Delaware,04,.98260868
FL,2018,Florida,04,.98934865
FM,2018,,04,1
GA,2018,Georgia,04,.9874835
GU,2018,,04,1
HI,2018,Hawaii,04,1
IA,2018,Iowa,04,.96907216
ID,2018,Idaho,04,1
IL,2018,Illinois,04,.99341488
IN,2018,Indiana,04,.98098862
KS,2018,Kansas,04,1
KY,2018,Kentucky,04,.97452229
LA,2018,Louisiana,04,.9773463
MA,2018,Massachusetts,04,.98673743
MD,2018,Maryland,04,.99381763
ME,2018,Maine,04,.88095236
MI,2018,Michigan,04,.99501663
MN,2018,Minnesota,04,.98859316
MO,2018,Missouri,04,.98898071
MS,2018,Mississippi,04,.95512819
MT,2018,Montana,04,.92682928
NC,2018,North Carolina,04,.97886395
ND,2018,North Dakota,04,1
NE,2018,Nebraska,04,.95774651
NH,2018,New Hampshire,04,1
NJ,2018,New Jersey,04,.9914071
NM,2018,New Mexico,04,1
NV,2018,Nevada,04,.97735852
NY,2018,New York,04,.99284142
OH,2018,Ohio,04,.98379254
OK,2018,Oklahoma,04,.9878788
OR,2018,Oregon,04,.97916669
PA,2018,Pennsylvania,04,.98714656
PR,2018,Puerto Rico,04,.97872341
RI,2018,Rhode Island,04,.97727275
SC,2018,South Carolina,04,.96756756
SD,2018,South Dakota,04,1
TN,2018,Tennessee,04,.98140496
TX,2018,Texas,04,.98542404
UNITED STATES MINOR OUTLYING ISLANDS,2018,,04,.66666669
UT,2018,Utah,04,.9727273
VA,2018,Virginia,04,.9873817
VI,2018,,04,1
VT,2018,Vermont,04,1
WA,2018,Washington,04,.97547686
WI,2018,Wisconsin,04,.98058254
WV,2018,West Virginia,04,.98148149
WY,2018,Wyoming,04,1
AA,2018,,05,1
AE,2018,,05,1
AK,2018,Alaska,05,1
AL,2018,Alabama,05,.98407644
AP,2018,,05,1
AR,2018,Arkansas,05,.99137932
AZ,2018,Arizona,05,.98468274
CA,2018,California,05,.98777932
CO,2018,Colorado,05,.97192985
CT,2018,Connecticut,05,.99130434
DC,2018,District of Columbia,05,1
DE,2018,Delaware,05,.99047619
FL,2018,Florida,05,.9825893
FM,2018,,05,1
GA,2018,Georgia,05,.97963637
GU,2018,,05,1
HI,2018,Hawaii,05,.97916669
IA,2018,Iowa,05,.98412699
ID,2018,Idaho,05,1
IL,2018,Illinois,05,.9925611
IN,2018,Indiana,05,.97757846
KS,2018,Kansas,05,.97802198
KY,2018,Kentucky,05,.99259257
LA,2018,Louisiana,05,.96857142
MA,2018,Massachusetts,05,.99284011
MD,2018,Maryland,05,.97872341
ME,2018,Maine,05,.94999999
MI,2018,Michigan,05,.98792756
MN,2018,Minnesota,05,.97191012
MO,2018,Missouri,05,.97794116
MS,2018,Mississippi,05,.99354839
MT,2018,Montana,05,.93333334
NC,2018,North Carolina,05,.97337276
ND,2018,North Dakota,05,1
NE,2018,Nebraska,05,.97435898
NH,2018,New Hampshire,05,.98113209
NJ,2018,New Jersey,05,.99445063
NM,2018,New Mexico,05,.98765433
NV,2018,Nevada,05,.97718632
NY,2018,New York,05,.9948287
OH,2018,Ohio,05,.98677689
OK,2018,Oklahoma,05,.94117647
OR,2018,Oregon,05,.96551722
PA,2018,Pennsylvania,05,.98790324
PR,2018,Puerto Rico,05,.92753625
RI,2018,Rhode Island,05,1
SC,2018,South Carolina,05,.97709924
SD,2018,South Dakota,05,.95652175
TN,2018,Tennessee,05,.98898071
TX,2018,Texas,05,.98510426
UNITED STATES MINOR OUTLYING ISLANDS,2018,,05,1
UT,2018,Utah,05,.97802198
VA,2018,Virginia,05,.98073554
VT,2018,Vermont,05,.93333334
WA,2018,Washington,05,.97134668
WI,2018,Wisconsin,05,.98260868
WV,2018,West Virginia,05,.91666669
WY,2018,Wyoming,05,.92307693
AE,2018,,06,1
AK,2018,Alaska,06,1
AL,2018,Alabama,06,.96581197
AP,2018,,06,1
AR,2018,Arkansas,06,.98076922
AZ,2018,Arizona,06,.95717883
CA,2018,California,06,.97738093
CO,2018,Colorado,06,.96853149
CT,2018,Connecticut,06,.98773009
DC,2018,District of Columbia,06,1
DE,2018,Delaware,06,1
FL,2018,Florida,06,.98742139
FM,2018,,06,1
GA,2018,Georgia,06,.98293513
GU,2018,,06,1
HI,2018,Hawaii,06,.95555556
IA,2018,Iowa,06,.95238096
ID,2018,Idaho,06,.94999999
IL,2018,Illinois,06,.99691677
IN,2018,Indiana,06,.96885812
KS,2018,Kansas,06,.98958331
KY,2018,Kentucky,06,.99145299
LA,2018,Louisiana,06,.97250861
MA,2018,Massachusetts,06,.98475611
MD,2018,Maryland,06,.98064518
ME,2018,Maine,06,.8888889
MI,2018,Michigan,06,.97979796
MN,2018,Minnesota,06,.96503496
MO,2018,Missouri,06,.98966408
MS,2018,Mississippi,06,.97674417
MT,2018,Montana,06,1
NC,2018,North Carolina,06,.98920375
ND,2018,North Dakota,06,1
NE,2018,Nebraska,06,.97560978
NH,2018,New Hampshire,06,.95238096
NJ,2018,New Jersey,06,.98091042
NM,2018,New Mexico,06,.95652175
NV,2018,Nevada,06,.97222221
NY,2018,New York,06,.98949736
OH,2018,Ohio,06,.97346938
OK,2018,Oklahoma,06,.97115386
OR,2018,Oregon,06,.96850395
PA,2018,Pennsylvania,06,.98461539
PR,2018,Puerto Rico,06,1
RI,2018,Rhode Island,06,.94999999
SC,2018,South Carolina,06,.97428572
SD,2018,South Dakota,06,.95999998
TN,2018,Tennessee,06,.98165137
TX,2018,Texas,06,.98015487
UNITED STATES MINOR OUTLYING ISLANDS,2018,,06,1
UT,2018,Utah,06,.96799999
VA,2018,Virginia,06,.97108436
VI,2018,,06,1
VT,2018,Vermont,06,.95454544
WA,2018,Washington,06,.97727275
WI,2018,Wisconsin,06,.9818182
WV,2018,West Virginia,06,.8611111
WY,2018,Wyoming,06,1
AE,2018,,07,1
AK,2018,Alaska,07,.85714287
AL,2018,Alabama,07,.96787149
AP,2018,,07,1
AR,2018,Arkansas,07,.99122804
AZ,2018,Arizona,07,.98191214
CA,2018,California,07,.97839999
CO,2018,Colorado,07,.98490566
CT,2018,Connecticut,07,.98245615
DC,2018,District of Columbia,07,1
DE,2018,Delaware,07,.9893617
FL,2018,Florida,07,.97928178
FM,2018,,07,1
GA,2018,Georgia,07,.9894737
HI,2018,Hawaii,07,.94736844
IA,2018,Iowa,07,.92647058
ID,2018,Idaho,07,.97619045
IL,2018,Illinois,07,.98928571
IN,2018,Indiana,07,.94117647
KS,2018,Kansas,07,.97142857
KY,2018,Kentucky,07,.94999999
LA,2018,Louisiana,07,.97538459
MA,2018,Massachusetts,07,.9868421
MD,2018,Maryland,07,.9766537
ME,2018,Maine,07,1
MI,2018,Michigan,07,.97183096
MN,2018,Minnesota,07,.98823529
MO,2018,Missouri,07,.96928328
MS,2018,Mississippi,07,.99435025
MT,2018,Montana,07,.96428573
NC,2018,North Carolina,07,.99146342
ND,2018,North Dakota,07,1
NE,2018,Nebraska,07,1
NH,2018,New Hampshire,07,.97619045
NJ,2018,New Jersey,07,.98085421
NM,2018,New Mexico,07,.97468352
NV,2018,Nevada,07,.9708029
NY,2018,New York,07,.98384726
OH,2018,Ohio,07,.97852761
OK,2018,Oklahoma,07,.98550725
OR,2018,Oregon,07,.98039216
PA,2018,Pennsylvania,07,.97142857
PR,2018,Puerto Rico,07,.98461539
RI,2018,Rhode Island,07,.97674417
SC,2018,South Carolina,07,.98765433
SD,2018,South Dakota,07,1
TN,2018,Tennessee,07,.96476966
TX,2018,Texas,07,.97486961
UT,2018,Utah,07,.99519229
VA,2018,Virginia,07,.96463656
VI,2018,,07,1
VT,2018,Vermont,07,1
WA,2018,Washington,07,.97173142
WI,2018,Wisconsin,07,1
WV,2018,West Virginia,07,1
WY,2018,Wyoming,07,1
AE,2018,,08,1
AK,2018,Alaska,08,.9285714
AL,2018,Alabama,08,.98884761
AP,2018,,08,1
AR,2018,Arkansas,08,.96899223
AZ,2018,Arizona,08,.95689654
CA,2018,California,08,.97484946
CO,2018,Colorado,08,.98387098
CT,2018,Connecticut,08,.99581587
DC,2018,District of Columbia,08,.98876405
DE,2018,Delaware,08,.96153843
FL,2018,Florida,08,.98387837
FM,2018,,08,.85714287
GA,2018,Georgia,08,.98703277
GU,2018,,08,1
HI,2018,Hawaii,08,1
IA,2018,Iowa,08,1
ID,2018,Idaho,08,1
IL,2018,Illinois,08,.98081535
IN,2018,Indiana,08,.98672569
KS,2018,Kansas,08,.97560978
KY,2018,Kentucky,08,.97391301
LA,2018,Louisiana,08,.99101794
MA,2018,Massachusetts,08,.98275864
MD,2018,Maryland,08,.97894734
ME,2018,Maine,08,.95652175
MI,2018,Michigan,08,.98272139
MN,2018,Minnesota,08,.98295456
MO,2018,Missouri,08,.96646339
MS,2018,Mississippi,08,.99435025
MT,2018,Montana,08,1
NC,2018,North Carolina,08,.98830408
ND,2018,North Dakota,08,1
NE,2018,Nebraska,08,1
NH,2018,New Hampshire,08,1
NJ,2018,New Jersey,08,.97115386
NM,2018,New Mexico,08,.99047619
NV,2018,Nevada,08,.98007971
NY,2018,New York,08,.98756045
OH,2018,Ohio,08,.98058254
OK,2018,Oklahoma,08,.94999999
OR,2018,Oregon,08,.97857141
PA,2018,Pennsylvania,08,.97989953
PR,2018,Puerto Rico,08,.97674417
RI,2018,Rhode Island,08,.9848485
SC,2018,South Carolina,08,.9822222
SD,2018,South Dakota,08,1
TN,2018,Tennessee,08,.98081535
TX,2018,Texas,08,.98319328
UNITED STATES MINOR OUTLYING ISLANDS,2018,,08,1
UT,2018,Utah,08,.97549021
VA,2018,Virginia,08,.96247238
VI,2018,,08,1
VT,2018,Vermont,08,1
WA,2018,Washington,08,.98269898
WI,2018,Wisconsin,08,.96929824
WV,2018,West Virginia,08,1
WY,2018,Wyoming,08,1
AA,2018,,09,1
AE,2018,,09,1
AK,2018,Alaska,09,1
AL,2018,Alabama,09,.97969544
AP,2018,,09,1
AR,2018,Arkansas,09,.97241378
AZ,2018,Arizona,09,.97810221
CA,2018,California,09,.97778767
CO,2018,Colorado,09,.98326361
CT,2018,Connecticut,09,.98235291
DC,2018,District of Columbia,09,.93975902
DE,2018,Delaware,09,.95890409
FL,2018,Florida,09,.98094332
FM,2018,,09,.94444442
GA,2018,Georgia,09,.9817391
GU,2018,,09,1
HI,2018,Hawaii,09,.97560978
IA,2018,Iowa,09,.9512195
ID,2018,Idaho,09,.96226418
IL,2018,Illinois,09,.98679471
IN,2018,Indiana,09,.97487438
KS,2018,Kansas,09,.984375
KY,2018,Kentucky,09,.98076922
LA,2018,Louisiana,09,.98095238
MA,2018,Massachusetts,09,.99655175
MD,2018,Maryland,09,.97831327
ME,2018,Maine,09,.97222221
MI,2018,Michigan,09,.9893899
MN,2018,Minnesota,09,.96875
MO,2018,Missouri,09,.97008544
MS,2018,Mississippi,09,.98550725
MT,2018,Montana,09,.97777778
NC,2018,North Carolina,09,.9948718
ND,2018,North Dakota,09,.95652175
NE,2018,Nebraska,09,1
NH,2018,New Hampshire,09,.97674417
NJ,2018,New Jersey,09,.96768707
NM,2018,New Mexico,09,.97297299
NV,2018,Nevada,09,.97744364
NY,2018,New York,09,.99018002
OH,2018,Ohio,09,.97709924
OK,2018,Oklahoma,09,.93103451
OR,2018,Oregon,09,.96710527
PA,2018,Pennsylvania,09,.98725212
PR,2018,Puerto Rico,09,1
RI,2018,Rhode Island,09,1
SC,2018,South Carolina,09,.9873684
SD,2018,South Dakota,09,1
TN,2018,Tennessee,09,.98757762
TX,2018,Texas,09,.976834
UNITED STATES MINOR OUTLYING ISLANDS,2018,,09,1
UT,2018,Utah,09,.99000001
VA,2018,Virginia,09,.98081023
VI,2018,,09,1
VT,2018,Vermont,09,1
WA,2018,Washington,09,.9826389
WI,2018,Wisconsin,09,.97500002
WV,2018,West Virginia,09,1
WY,2018,Wyoming,09,1
AE,2018,,10,1
AK,2018,Alaska,10,1
AL,2018,Alabama,10,.97628456
AP,2018,,10,1
AR,2018,Arkansas,10,.95973152
AZ,2018,Arizona,10,.9827916
CA,2018,California,10,.98091197
CO,2018,Colorado,10,.9817518
CT,2018,Connecticut,10,.98360658
DC,2018,District of Columbia,10,.99000001
DE,2018,Delaware,10,1
FL,2018,Florida,10,.98269582
FM,2018,,10,1
GA,2018,Georgia,10,.9868319
GU,2018,,10,1
HI,2018,Hawaii,10,1
IA,2018,Iowa,10,.97183096
ID,2018,Idaho,10,.94545454
IL,2018,Illinois,10,.98225468
IN,2018,Indiana,10,.99607843
KS,2018,Kansas,10,.95652175
KY,2018,Kentucky,10,.97887325
LA,2018,Louisiana,10,.98828125
MA,2018,Massachusetts,10,.98461539
MD,2018,Maryland,10,.98058254
ME,2018,Maine,10,.95348835
MI,2018,Michigan,10,.97662336
MN,2018,Minnesota,10,1
MO,2018,Missouri,10,.98780489
MS,2018,Mississippi,10,.99489796
MT,2018,Montana,10,.91666669
NC,2018,North Carolina,10,.99018407
ND,2018,North Dakota,10,1
NE,2018,Nebraska,10,.9649123
NH,2018,New Hampshire,10,1
NJ,2018,New Jersey,10,.99050635
NM,2018,New Mexico,10,.98750001
NV,2018,Nevada,10,.99127907
NY,2018,New York,10,.99230766
OH,2018,Ohio,10,.98872787
OK,2018,Oklahoma,10,.97058821
OR,2018,Oregon,10,.95744681
PA,2018,Pennsylvania,10,.99546826
PR,2018,Puerto Rico,10,1
RI,2018,Rhode Island,10,1
SC,2018,South Carolina,10,.98989898
SD,2018,South Dakota,10,.93333334
TN,2018,Tennessee,10,.98128343
TX,2018,Texas,10,.98646033
UT,2018,Utah,10,.97727275
VA,2018,Virginia,10,.97928435
VI,2018,,10,1
VT,2018,Vermont,10,1
WA,2018,Washington,10,.9735294
WI,2018,Wisconsin,10,.98076922
WV,2018,West Virginia,10,.96078432
WY,2018,Wyoming,10,1
AE,2018,,11,1
AK,2018,Alaska,11,1
AL,2018,Alabama,11,.98678416
AR,2018,Arkansas,11,.96571428
AZ,2018,Arizona,11,.97849464
CA,2018,California,11,.98309976
CO,2018,Colorado,11,.97619045
CT,2018,Connecticut,11,.98717946
DC,2018,District of Columbia,11,.98360658
DE,2018,Delaware,11,.98360658
FL,2018,Florida,11,.98760968
FM,2018,,11,1
GA,2018,Georgia,11,.98280096
GU,2018,,11,1
HI,2018,Hawaii,11,.98630136
IA,2018,Iowa,11,.98333335
ID,2018,Idaho,11,1
IL,2018,Illinois,11,.99150485
IN,2018,Indiana,11,.97512436
KS,2018,Kansas,11,1
KY,2018,Kentucky,11,.96396399
LA,2018,Louisiana,11,.94966441
MA,2018,Massachusetts,11,.98859316
MD,2018,Maryland,11,.98400003
ME,2018,Maine,11,.97674417
MI,2018,Michigan,11,.97860962
MN,2018,Minnesota,11,1
MO,2018,Missouri,11,.98916966
MP,2018,,11,1
MS,2018,Mississippi,11,1
MT,2018,Montana,11,.84615386
NC,2018,North Carolina,11,.99108469
ND,2018,North Dakota,11,1
NE,2018,Nebraska,11,1
NH,2018,New Hampshire,11,1
NJ,2018,New Jersey,11,.98858076
NM,2018,New Mexico,11,.96363634
NV,2018,Nevada,11,.97916669
NY,2018,New York,11,.98891526
OH,2018,Ohio,11,.98627788
OK,2018,Oklahoma,11,.98039216
OR,2018,Oregon,11,.99212599
PA,2018,Pennsylvania,11,.98756659
PR,2018,Puerto Rico,11,.94871795
RI,2018,Rhode Island,11,.98245615
SC,2018,South Carolina,11,.98205125
SD,2018,South Dakota,11,.94117647
TN,2018,Tennessee,11,.97500002
TX,2018,Texas,11,.9817456
UNITED STATES MINOR OUTLYING ISLANDS,2018,,11,1
UT,2018,Utah,11,.99435025
VA,2018,Virginia,11,.97357726
VT,2018,Vermont,11,1
WA,2018,Washington,11,.95999998
WI,2018,Wisconsin,11,.99421966
WV,2018,West Virginia,11,.97560978
WY,2018,Wyoming,11,1
AE,2018,,12,.66666669
AK,2018,Alaska,12,1
AL,2018,Alabama,12,.9757576
AP,2018,,12,1
AR,2018,Arkansas,12,.9894737
AZ,2018,Arizona,12,.98095238
CA,2018,California,12,.98670542
CO,2018,Colorado,12,.97095436
CT,2018,Connecticut,12,1
DC,2018,District of Columbia,12,.98648649
DE,2018,Delaware,12,.97727275
FL,2018,Florida,12,.99087852
GA,2018,Georgia,12,.96866608
HI,2018,Hawaii,12,.98214287
IA,2018,Iowa,12,.93877554
ID,2018,Idaho,12,.97872341
IL,2018,Illinois,12,.99335545
IN,2018,Indiana,12,.97368419
KS,2018,Kansas,12,1
KY,2018,Kentucky,12,1
LA,2018,Louisiana,12,.97727275
MA,2018,Massachusetts,12,.98920864
MD,2018,Maryland,12,.98591548
ME,2018,Maine,12,.94736844
MI,2018,Michigan,12,.99197859
MN,2018,Minnesota,12,.98709679
MO,2018,Missouri,12,.99392098
MS,2018,Mississippi,12,.96323532
MT,2018,Montana,12,1
NC,2018,North Carolina,12,.98709679
ND,2018,North Dakota,12,.95454544
NE,2018,Nebraska,12,.96875
NH,2018,New Hampshire,12,1
NJ,2018,New Jersey,12,.99331105
NM,2018,New Mexico,12,1
NV,2018,Nevada,12,.98214287
NY,2018,New York,12,.99119997
OH,2018,Ohio,12,.98815566
OK,2018,Oklahoma,12,.98425198
OR,2018,Oregon,12,.97709924
PA,2018,Pennsylvania,12,.9758454
PR,2018,Puerto Rico,12,.97058821
RI,2018,Rhode Island,12,1
SC,2018,South Carolina,12,.98901099
SD,2018,South Dakota,12,1
TN,2018,Tennessee,12,.97468352
TX,2018,Texas,12,.97852761
UNITED STATES MINOR OUTLYING ISLANDS,2018,,12,.5
UT,2018,Utah,12,.9909091
VA,2018,Virginia,12,.98194128
VT,2018,Vermont,12,1
WA,2018,Washington,12,.97857141
WI,2018,Wisconsin,12,.99590164
WV,2018,West Virginia,12,.98360658
WY,2018,Wyoming,12,.92307693
AE,2019,,01,1
AK,2019,Alaska,01,1
AL,2019,Alabama,01,.99212599
AP,2019,,01,1
AR,2019,Arkansas,01,.97391301
AZ,2019,Arizona,01,.98583567
CA,2019,California,01,.98691744
CO,2019,Colorado,01,.97446811
CT,2019,Connecticut,01,.98816568
DC,2019,District of Columbia,01,1
DE,2019,Delaware,01,1
FL,2019,Florida,01,.98905426
GA,2019,Georgia,01,.9840796
GU,2019,,01,1
HI,2019,Hawaii,01,.96551722
IA,2019,Iowa,01,.95999998
ID,2019,Idaho,01,.97872341
IL,2019,Illinois,01,.98773009
IN,2019,Indiana,01,.99481863
KS,2019,Kansas,01,.9894737
KY,2019,Kentucky,01,1
LA,2019,Louisiana,01,.9825784
MA,2019,Massachusetts,01,.99259257
MD,2019,Maryland,01,.97243106
ME,2019,Maine,01,.97500002
MI,2019,Michigan,01,.98387098
MN,2019,Minnesota,01,.99431819
MO,2019,Missouri,01,.99363059
MS,2019,Mississippi,01,.98425198
MT,2019,Montana,01,1
NC,2019,North Carolina,01,.98763525
ND,2019,North Dakota,01,1
NE,2019,Nebraska,01,1
NH,2019,New Hampshire,01,.98148149
NJ,2019,New Jersey,01,.9949066
NM,2019,New Mexico,01,.96226418
NV,2019,Nevada,01,.96691179
NY,2019,New York,01,.98180312
OH,2019,Ohio,01,.98673302
OK,2019,Oklahoma,01,.98913044
OR,2019,Oregon,01,.96774191
PA,2019,Pennsylvania,01,.98200899
PR,2019,Puerto Rico,01,.97142857
RI,2019,Rhode Island,01,1
SC,2019,South Carolina,01,.98000002
SD,2019,South Dakota,01,1
TN,2019,Tennessee,01,.98235291
TX,2019,Texas,01,.98399144
UNITED STATES MINOR OUTLYING ISLANDS,2019,,01,1
UT,2019,Utah,01,.99038464
VA,2019,Virginia,01,.99186993
VT,2019,Vermont,01,1
WA,2019,Washington,01,.96167248
WI,2019,Wisconsin,01,.98295456
WV,2019,West Virginia,01,.94999999
WY,2019,Wyoming,01,1
AE,2019,,02,1
AK,2019,Alaska,02,.9285714
AL,2019,Alabama,02,.96666664
AP,2019,,02,1
AR,2019,Arkansas,02,.9512195
AZ,2019,Arizona,02,.98305082
CA,2019,California,02,.98029757
CO,2019,Colorado,02,.97643095
CT,2019,Connecticut,02,.98198199
DC,2019,District of Columbia,02,.97560978
DE,2019,Delaware,02,.96052629
FL,2019,Florida,02,.98273027
GA,2019,Georgia,02,.97749197
GU,2019,,02,1
HI,2019,Hawaii,02,1
IA,2019,Iowa,02,1
ID,2019,Idaho,02,1
IL,2019,Illinois,02,.98672569
IN,2019,Indiana,02,.98275864
KS,2019,Kansas,02,.97260273
KY,2019,Kentucky,02,.97959185
LA,2019,Louisiana,02,.97881359
MA,2019,Massachusetts,02,.97306395
MD,2019,Maryland,02,.97500002
ME,2019,Maine,02,.91666669
MI,2019,Michigan,02,.98445594
MN,2019,Minnesota,02,.971223
MO,2019,Missouri,02,.98921835
MS,2019,Mississippi,02,.97945207
MT,2019,Montana,02,1
NC,2019,North Carolina,02,.9920761
ND,2019,North Dakota,02,1
NE,2019,Nebraska,02,1
NH,2019,New Hampshire,02,1
NJ,2019,New Jersey,02,.984326
NM,2019,New Mexico,02,.98333335
NV,2019,Nevada,02,.95330739
NY,2019,New York,02,.98434007
OH,2019,Ohio,02,.96557659
OK,2019,Oklahoma,02,.95495498
OR,2019,Oregon,02,.99270076
PA,2019,Pennsylvania,02,.97708672
PR,2019,Puerto Rico,02,.94871795
RI,2019,Rhode Island,02,.97916669
SC,2019,South Carolina,02,.97733712
SD,2019,South Dakota,02,.90909094
TN,2019,Tennessee,02,.9757576
TX,2019,Texas,02,.97654587
UNITED STATES MINOR OUTLYING ISLANDS,2019,,02,1
UT,2019,Utah,02,.99127907
VA,2019,Virginia,02,.97528517
VI,2019,,02,1
VT,2019,Vermont,02,1
WA,2019,Washington,02,.94814813
WI,2019,Wisconsin,02,.98395723
WV,2019,West Virginia,02,.96296299
WY,2019,Wyoming,02,1
AE,2019,,03,1
AK,2019,Alaska,03,1
AL,2019,Alabama,03,.99248123
AP,2019,,03,1
AR,2019,Arkansas,03,.95959598
AZ,2019,Arizona,03,.99084669
CA,2019,California,03,.98612559
CO,2019,Colorado,03,.9672727
CT,2019,Connecticut,03,.97590363
DC,2019,District of Columbia,03,.98305082
DE,2019,Delaware,03,.98924732
FL,2019,Florida,03,.98403531
GA,2019,Georgia,03,.99057347
GU,2019,,03,1
HI,2019,Hawaii,03,.96923077
IA,2019,Iowa,03,.9868421
ID,2019,Idaho,03,1
IL,2019,Illinois,03,.98859751
IN,2019,Indiana,03,.98387098
KS,2019,Kansas,03,1
KY,2019,Kentucky,03,.96688741
LA,2019,Louisiana,03,.98032784
MA,2019,Massachusetts,03,.99339932
MD,2019,Maryland,03,.97804391
ME,2019,Maine,03,.92105263
MH,2019,,03,1
MI,2019,Michigan,03,.98828125
MN,2019,Minnesota,03,.99509805
MO,2019,Missouri,03,.98126465
MP,2019,,03,1
MS,2019,Mississippi,03,.9921875
MT,2019,Montana,03,.96551722
NC,2019,North Carolina,03,.98888886
ND,2019,North Dakota,03,1
NE,2019,Nebraska,03,.94230771
NH,2019,New Hampshire,03,.969697
NJ,2019,New Jersey,03,.98191214
NM,2019,New Mexico,03,.96590906
NV,2019,Nevada,03,.98032784
NY,2019,New York,03,.98887515
OH,2019,Ohio,03,.98225808
OK,2019,Oklahoma,03,.97777778
OR,2019,Oregon,03,.98726118
PA,2019,Pennsylvania,03,.98030126
PR,2019,Puerto Rico,03,.97916669
RI,2019,Rhode Island,03,1
SC,2019,South Carolina,03,.98498499
SD,2019,South Dakota,03,.92000002
TN,2019,Tennessee,03,.98226166
TX,2019,Texas,03,.98223472
UT,2019,Utah,03,.9890511
VA,2019,Virginia,03,.98863637
VI,2019,,03,1
VT,2019,Vermont,03,1
WA,2019,Washington,03,.99053627
WI,2019,Wisconsin,03,.98809522
WV,2019,West Virginia,03,1
WY,2019,Wyoming,03,.95454544
AA,2019,,04,1
AE,2019,,04,1
AK,2019,Alaska,04,1
AL,2019,Alabama,04,.97009969
AP,2019,,04,1
AR,2019,Arkansas,04,.9741379
AZ,2019,Arizona,04,.98449612
CA,2019,California,04,.98646671
CO,2019,Colorado,04,.9813084
CT,2019,Connecticut,04,.97899157
DC,2019,District of Columbia,04,.97580647
DE,2019,Delaware,04,.98550725
FL,2019,Florida,04,.98862463
GA,2019,Georgia,04,.98019123
GU,2019,,04,1
HI,2019,Hawaii,04,1
IA,2019,Iowa,04,.97297299
ID,2019,Idaho,04,.93023258
IL,2019,Illinois,04,.98909092
IN,2019,Indiana,04,.98775512
KS,2019,Kansas,04,1
KY,2019,Kentucky,04,1
LA,2019,Louisiana,04,.9849624
MA,2019,Massachusetts,04,.98285717
MD,2019,Maryland,04,.97942388
ME,2019,Maine,04,1
MI,2019,Michigan,04,.99003983
MN,2019,Minnesota,04,.98979592
MO,2019,Missouri,04,.98697919
MS,2019,Mississippi,04,.96774191
MT,2019,Montana,04,1
NC,2019,North Carolina,04,.98367953
ND,2019,North Dakota,04,.96296299
NE,2019,Nebraska,04,1
NH,2019,New Hampshire,04,.96923077
NJ,2019,New Jersey,04,.98461539
NM,2019,New Mexico,04,.97560978
NV,2019,Nevada,04,.99702382
NY,2019,New York,04,.98980892
OH,2019,Ohio,04,.9848485
OK,2019,Oklahoma,04,.97857141
OR,2019,Oregon,04,1
PA,2019,Pennsylvania,04,.98616874
PR,2019,Puerto Rico,04,1
RI,2019,Rhode Island,04,.97872341
SC,2019,South Carolina,04,.98060942
SD,2019,South Dakota,04,1
TN,2019,Tennessee,04,.98795182
TX,2019,Texas,04,.98380953
UT,2019,Utah,04,.99408287
VA,2019,Virginia,04,.98850572
VI,2019,,04,1
VT,2019,Vermont,04,1
WA,2019,Washington,04,.98192769
WI,2019,Wisconsin,04,.98360658
WV,2019,West Virginia,04,1
WY,2019,Wyoming,04,.93333334
AE,2019,,05,1
AK,2019,Alaska,05,1
AL,2019,Alabama,05,.9852941
AP,2019,,05,1
AR,2019,Arkansas,05,.96062994
AZ,2019,Arizona,05,.97555012
CA,2019,California,05,.98673183
CO,2019,Colorado,05,.99624062
CT,2019,Connecticut,05,.98536587
DC,2019,District of Columbia,05,.99122804
DE,2019,Delaware,05,.9512195
FL,2019,Florida,05,.98866856
GA,2019,Georgia,05,.97976273
GU,2019,,05,1
HI,2019,Hawaii,05,.984375
IA,2019,Iowa,05,1
ID,2019,Idaho,05,1
IL,2019,Illinois,05,.98542601
IN,2019,Indiana,05,.97652584
KS,2019,Kansas,05,.92592591
KY,2019,Kentucky,05,.99290782
LA,2019,Louisiana,05,.9700461
MA,2019,Massachusetts,05,.98618782
MD,2019,Maryland,05,.973535
ME,2019,Maine,05,.95555556
MI,2019,Michigan,05,.97987926
MN,2019,Minnesota,05,.99156117
MO,2019,Missouri,05,.98604649
MS,2019,Mississippi,05,.98051947
MT,2019,Montana,05,1
NC,2019,North Carolina,05,.99112803
ND,2019,North Dakota,05,.95454544
NE,2019,Nebraska,05,.969697
NH,2019,New Hampshire,05,1
NJ,2019,New Jersey,05,.99026424
NM,2019,New Mexico,05,.97872341
NV,2019,Nevada,05,.97471911
NY,2019,New York,05,.99270892
OH,2019,Ohio,05,.97730708
OK,2019,Oklahoma,05,.97959185
OR,2019,Oregon,05,.99404764
PA,2019,Pennsylvania,05,.98593348
PR,2019,Puerto Rico,05,1
RI,2019,Rhode Island,05,.9848485
SC,2019,South Carolina,05,.96187681
SD,2019,South Dakota,05,1
TN,2019,Tennessee,05,.97732425
TX,2019,Texas,05,.98666054
UNITED STATES MINOR OUTLYING ISLANDS,2019,,05,1
UT,2019,Utah,05,.9662447
VA,2019,Virginia,05,.98378378
VI,2019,,05,1
VT,2019,Vermont,05,1
WA,2019,Washington,05,.9719888
WI,2019,Wisconsin,05,.993007
WV,2019,West Virginia,05,.88235295
WY,2019,Wyoming,05,.95833331
AE,2019,,06,1
AK,2019,Alaska,06,1
AL,2019,Alabama,06,.99475068
AP,2019,,06,1
AR,2019,Arkansas,06,.94117647
AZ,2019,Arizona,06,.98816568
CA,2019,California,06,.98590094
CO,2019,Colorado,06,.9868421
CT,2019,Connecticut,06,1
DC,2019,District of Columbia,06,1
DE,2019,Delaware,06,.98913044
FL,2019,Florida,06,.99007869
GA,2019,Georgia,06,.98811293
GU,2019,,06,1
HI,2019,Hawaii,06,1
IA,2019,Iowa,06,.9649123
ID,2019,Idaho,06,.98245615
IL,2019,Illinois,06,.98828125
IN,2019,Indiana,06,.93959731
KS,2019,Kansas,06,.93846154
KY,2019,Kentucky,06,1
LA,2019,Louisiana,06,.96952909
MA,2019,Massachusetts,06,.98666668
MD,2019,Maryland,06,.97899157
ME,2019,Maine,06,.97142857
MI,2019,Michigan,06,.98651683
MN,2019,Minnesota,06,.97247708
MO,2019,Missouri,06,.97979796
MS,2019,Mississippi,06,1
MT,2019,Montana,06,1
NC,2019,North Carolina,06,.98751736
ND,2019,North Dakota,06,1
NE,2019,Nebraska,06,.97619045
NH,2019,New Hampshire,06,.98591548
NJ,2019,New Jersey,06,.98326361
NM,2019,New Mexico,06,1
NV,2019,Nevada,06,.97843665
NY,2019,New York,06,.99110848
OH,2019,Ohio,06,.98787063
OK,2019,Oklahoma,06,.99009901
OR,2019,Oregon,06,.97278911
PA,2019,Pennsylvania,06,.97884345
PR,2019,Puerto Rico,06,1
RI,2019,Rhode Island,06,1
SC,2019,South Carolina,06,.9849624
SD,2019,South Dakota,06,1
TN,2019,Tennessee,06,.97399527
TX,2019,Texas,06,.98658592
UNITED STATES MINOR OUTLYING ISLANDS,2019,,06,1
UT,2019,Utah,06,.98660713
VA,2019,Virginia,06,.98620689
VI,2019,,06,1
VT,2019,Vermont,06,1
WA,2019,Washington,06,.96978021
WI,2019,Wisconsin,06,.98048782
WV,2019,West Virginia,06,.94871795
WY,2019,Wyoming,06,1
AE,2019,,07,1
AK,2019,Alaska,07,1
AL,2019,Alabama,07,.97321427
AP,2019,,07,1
AR,2019,Arkansas,07,.97321427
AZ,2019,Arizona,07,.98701298
CA,2019,California,07,.98307955
CO,2019,Colorado,07,.97553515
CT,2019,Connecticut,07,.99166667
DC,2019,District of Columbia,07,.98802394
DE,2019,Delaware,07,1
FL,2019,Florida,07,.98807222
GA,2019,Georgia,07,.98670518
GU,2019,,07,1
HI,2019,Hawaii,07,.984375
IA,2019,Iowa,07,.98648649
ID,2019,Idaho,07,1
IL,2019,Illinois,07,.98955065
IN,2019,Indiana,07,.98019803
KS,2019,Kansas,07,1
KY,2019,Kentucky,07,1
LA,2019,Louisiana,07,.97329378
MA,2019,Massachusetts,07,.99328858
MD,2019,Maryland,07,.98473281
ME,2019,Maine,07,.96875
MI,2019,Michigan,07,.97722566
MN,2019,Minnesota,07,.98660713
MO,2019,Missouri,07,.98976982
MS,2019,Mississippi,07,.98076922
MT,2019,Montana,07,1
NC,2019,North Carolina,07,.98656213
ND,2019,North Dakota,07,1
NE,2019,Nebraska,07,1
NH,2019,New Hampshire,07,1
NJ,2019,New Jersey,07,.99110544
NM,2019,New Mexico,07,1
NV,2019,Nevada,07,.97935104
NY,2019,New York,07,.99088961
OH,2019,Ohio,07,.9847095
OK,2019,Oklahoma,07,.99145299
OR,2019,Oregon,07,.98136646
PA,2019,Pennsylvania,07,.98791945
PR,2019,Puerto Rico,07,.95999998
RI,2019,Rhode Island,07,.98863637
SC,2019,South Carolina,07,.99236643
SD,2019,South Dakota,07,1
TN,2019,Tennessee,07,.98143238
TX,2019,Texas,07,.98561466
UNITED STATES MINOR OUTLYING ISLANDS,2019,,07,1
UT,2019,Utah,07,.98828125
VA,2019,Virginia,07,.99515349
VI,2019,,07,1
VT,2019,Vermont,07,1
WA,2019,Washington,07,.97977531
WI,2019,Wisconsin,07,.98342544
WV,2019,West Virginia,07,1
WY,2019,Wyoming,07,1
AE,2019,,08,1
AK,2019,Alaska,08,1
AL,2019,Alabama,08,.99445981
AP,2019,,08,1
AR,2019,Arkansas,08,.99193549
AZ,2019,Arizona,08,.97489542
CA,2019,California,08,.98617375
CO,2019,Colorado,08,.98148149
CT,2019,Connecticut,08,.98173517
DC,2019,District of Columbia,08,.99074072
DE,2019,Delaware,08,1
FL,2019,Florida,08,.98705989
GA,2019,Georgia,08,.98698884
GU,2019,,08,1
HI,2019,Hawaii,08,1
IA,2019,Iowa,08,.9921875
ID,2019,Idaho,08,.98630136
IL,2019,Illinois,08,.99003983
IN,2019,Indiana,08,.98054475
KS,2019,Kansas,08,.9818182
KY,2019,Kentucky,08,.98648649
LA,2019,Louisiana,08,.99166667
MA,2019,Massachusetts,08,.99453551
MD,2019,Maryland,08,.98523206
ME,2019,Maine,08,.93548387
MI,2019,Michigan,08,.9882583
MN,2019,Minnesota,08,.98924732
MO,2019,Missouri,08,.97994989
MS,2019,Mississippi,08,.96721309
MT,2019,Montana,08,.95238096
NC,2019,North Carolina,08,.99007446
ND,2019,North Dakota,08,1
NE,2019,Nebraska,08,1
NH,2019,New Hampshire,08,.98039216
NJ,2019,New Jersey,08,.98619103
NM,2019,New Mexico,08,.9861111
NV,2019,Nevada,08,.99161428
NY,2019,New York,08,.99109793
OH,2019,Ohio,08,.98932928
OK,2019,Oklahoma,08,.9708029
OR,2019,Oregon,08,.98369563
PA,2019,Pennsylvania,08,.99316627
PR,2019,Puerto Rico,08,.98076922
RI,2019,Rhode Island,08,.95918369
SC,2019,South Carolina,08,.98536587
SD,2019,South Dakota,08,.94444442
TN,2019,Tennessee,08,.97991073
TX,2019,Texas,08,.98705935
UNITED STATES MINOR OUTLYING ISLANDS,2019,,08,1
UT,2019,Utah,08,.99312717
VA,2019,Virginia,08,.98342544
VI,2019,,08,1
VT,2019,Vermont,08,1
WA,2019,Washington,08,.97674417
WI,2019,Wisconsin,08,1
WV,2019,West Virginia,08,.98000002
WY,2019,Wyoming,08,.95555556
AE,2019,,09,.83333331
AK,2019,Alaska,09,.875
AL,2019,Alabama,09,.99103141
AP,2019,,09,1
AR,2019,Arkansas,09,.96799999
AZ,2019,Arizona,09,.98263025
CA,2019,California,09,.98286325
CO,2019,Colorado,09,.98586571
CT,2019,Connecticut,09,.97276264
DC,2019,District of Columbia,09,1
DE,2019,Delaware,09,.97196263
FL,2019,Florida,09,.98789424
GA,2019,Georgia,09,.98630136
GU,2019,,09,1
HI,2019,Hawaii,09,1
IA,2019,Iowa,09,.96249998
ID,2019,Idaho,09,.98275864
IL,2019,Illinois,09,.98869348
IN,2019,Indiana,09,.98086125
KS,2019,Kansas,09,.99180329
KY,2019,Kentucky,09,.98726118
LA,2019,Louisiana,09,.97727275
MA,2019,Massachusetts,09,.98756218
MD,2019,Maryland,09,.97265625
ME,2019,Maine,09,.92592591
MI,2019,Michigan,09,.98319328
MN,2019,Minnesota,09,.98453611
MO,2019,Missouri,09,.99701494
MS,2019,Mississippi,09,.99253732
MT,2019,Montana,09,1
NC,2019,North Carolina,09,.99221182
ND,2019,North Dakota,09,1
NE,2019,Nebraska,09,.97777778
NH,2019,New Hampshire,09,.97560978
NJ,2019,New Jersey,09,.99023712
NM,2019,New Mexico,09,1
NV,2019,Nevada,09,.98663104
NY,2019,New York,09,.99088317
OH,2019,Ohio,09,.98596489
OK,2019,Oklahoma,09,.96946567
OR,2019,Oregon,09,.97637796
PA,2019,Pennsylvania,09,.9878453
PR,2019,Puerto Rico,09,1
RI,2019,Rhode Island,09,1
SC,2019,South Carolina,09,.97500002
SD,2019,South Dakota,09,.94444442
TN,2019,Tennessee,09,.98333335
TX,2019,Texas,09,.98471618
UNITED STATES MINOR OUTLYING ISLANDS,2019,,09,1
UT,2019,Utah,09,.99625468
VA,2019,Virginia,09,.98387098
VI,2019,,09,1
VT,2019,Vermont,09,1
WA,2019,Washington,09,.98039216
WI,2019,Wisconsin,09,.98989898
WV,2019,West Virginia,09,.98148149
WY,2019,Wyoming,09,1
AE,2019,,10,1
AK,2019,Alaska,10,1
AL,2019,Alabama,10,.98753119
AP,2019,,10,1
AR,2019,Arkansas,10,.97222221
AZ,2019,Arizona,10,.98786408
CA,2019,California,10,.98039216
CO,2019,Colorado,10,.99184781
CT,2019,Connecticut,10,.98897058
DC,2019,District of Columbia,10,.98473281
DE,2019,Delaware,10,.99180329
FL,2019,Florida,10,.98719901
GA,2019,Georgia,10,.97918218
GU,2019,,10,1
HI,2019,Hawaii,10,.98507464
IA,2019,Iowa,10,.94915253
ID,2019,Idaho,10,.98275864
IL,2019,Illinois,10,.98294884
IN,2019,Indiana,10,.98039216
KS,2019,Kansas,10,.95061731
KY,2019,Kentucky,10,.98507464
LA,2019,Louisiana,10,.97229218
MA,2019,Massachusetts,10,.98837209
MD,2019,Maryland,10,.97891039
ME,2019,Maine,10,.94871795
MI,2019,Michigan,10,.9912892
MN,2019,Minnesota,10,.96698111
MO,2019,Missouri,10,.9947781
MS,2019,Mississippi,10,.99290782
MT,2019,Montana,10,.97619045
NC,2019,North Carolina,10,.98837209
ND,2019,North Dakota,10,1
NE,2019,Nebraska,10,.98305082
NH,2019,New Hampshire,10,1
NJ,2019,New Jersey,10,.98309493
NM,2019,New Mexico,10,.96774191
NV,2019,Nevada,10,.97613883
NY,2019,New York,10,.98783457
OH,2019,Ohio,10,.99186993
OK,2019,Oklahoma,10,.97087377
OR,2019,Oregon,10,.97500002
PA,2019,Pennsylvania,10,.99089873
PR,2019,Puerto Rico,10,.94736844
RI,2019,Rhode Island,10,1
SC,2019,South Carolina,10,.98314607
SD,2019,South Dakota,10,1
TN,2019,Tennessee,10,.97409326
TX,2019,Texas,10,.98913497
UNITED STATES MINOR OUTLYING ISLANDS,2019,,10,1
UT,2019,Utah,10,.99052131
VA,2019,Virginia,10,.98301888
VI,2019,,10,1
VT,2019,Vermont,10,1
WA,2019,Washington,10,.97826087
WI,2019,Wisconsin,10,.98514849
WV,2019,West Virginia,10,1
WY,2019,Wyoming,10,.95999998
AE,2019,,11,1
AK,2019,Alaska,11,1
AL,2019,Alabama,11,.99029124
AP,2019,,11,1
AR,2019,Arkansas,11,.98265898
AZ,2019,Arizona,11,.97118157
CA,2019,California,11,.98104954
CO,2019,Colorado,11,.98701298
CT,2019,Connecticut,11,.9952153
DC,2019,District of Columbia,11,.99000001
DE,2019,Delaware,11,.98387098
FL,2019,Florida,11,.98919094
GA,2019,Georgia,11,.98071426
HI,2019,Hawaii,11,.94
IA,2019,Iowa,11,.97674417
ID,2019,Idaho,11,.96610171
IL,2019,Illinois,11,.9814077
IN,2019,Indiana,11,.97572815
KS,2019,Kansas,11,.97692305
KY,2019,Kentucky,11,.99047619
LA,2019,Louisiana,11,.99538106
MA,2019,Massachusetts,11,.98904109
MD,2019,Maryland,11,.98326361
ME,2019,Maine,11,.93333334
MI,2019,Michigan,11,.98013246
MN,2019,Minnesota,11,.97560978
MO,2019,Missouri,11,.99650347
MS,2019,Mississippi,11,.99248123
MT,2019,Montana,11,1
NC,2019,North Carolina,11,.98816568
ND,2019,North Dakota,11,1
NE,2019,Nebraska,11,1
NH,2019,New Hampshire,11,.94871795
NJ,2019,New Jersey,11,.98232692
NM,2019,New Mexico,11,.9649123
NV,2019,Nevada,11,.9848485
NY,2019,New York,11,.99189347
OH,2019,Ohio,11,.98942596
OK,2019,Oklahoma,11,.954023
OR,2019,Oregon,11,.9757576
PA,2019,Pennsylvania,11,.98113209
PR,2019,Puerto Rico,11,.92500001
RI,2019,Rhode Island,11,.9285714
SC,2019,South Carolina,11,.97731566
SD,2019,South Dakota,11,1
TN,2019,Tennessee,11,.97179484
TX,2019,Texas,11,.98595786
UT,2019,Utah,11,.98445594
VA,2019,Virginia,11,.98903507
VI,2019,,11,1
VT,2019,Vermont,11,1
WA,2019,Washington,11,.96774191
WI,2019,Wisconsin,11,.98617512
WV,2019,West Virginia,11,.9852941
WY,2019,Wyoming,11,1
AE,2019,,12,1
AK,2019,Alaska,12,.95238096
AL,2019,Alabama,12,.986911
AP,2019,,12,1
AR,2019,Arkansas,12,.97849464
AS,2019,,12,1
AZ,2019,Arizona,12,.98802394
CA,2019,California,12,.98427123
CO,2019,Colorado,12,.99259257
CT,2019,Connecticut,12,.99227798
DC,2019,District of Columbia,12,1
DE,2019,Delaware,12,1
FL,2019,Florida,12,.98902607
GA,2019,Georgia,12,.98243046
GU,2019,,12,1
HI,2019,Hawaii,12,.91891891
IA,2019,Iowa,12,.94736844
ID,2019,Idaho,12,1
IL,2019,Illinois,12,.98940396
IN,2019,Indiana,12,.98453611
KS,2019,Kansas,12,.96907216
KY,2019,Kentucky,12,1
LA,2019,Louisiana,12,.99285716
MA,2019,Massachusetts,12,.99013156
MD,2019,Maryland,12,.98853213
ME,2019,Maine,12,.96551722
MI,2019,Michigan,12,.98543692
MN,2019,Minnesota,12,.98522168
MO,2019,Missouri,12,.96428573
MS,2019,Mississippi,12,.97435898
MT,2019,Montana,12,1
NC,2019,North Carolina,12,.97896439
ND,2019,North Dakota,12,.9375
NE,2019,Nebraska,12,.9512195
NH,2019,New Hampshire,12,1
NJ,2019,New Jersey,12,.98891968
NM,2019,New Mexico,12,.97500002
NV,2019,Nevada,12,.98309177
NY,2019,New York,12,.99003518
OH,2019,Ohio,12,.98201442
OK,2019,Oklahoma,12,.98979592
OR,2019,Oregon,12,.98657715
PA,2019,Pennsylvania,12,.98871648
PR,2019,Puerto Rico,12,.98039216
RI,2019,Rhode Island,12,.97368419
SC,2019,South Carolina,12,.97399527
SD,2019,South Dakota,12,1
TN,2019,Tennessee,12,.96692109
TX,2019,Texas,12,.97648901
UNITED STATES MINOR OUTLYING ISLANDS,2019,,12,1
UT,2019,Utah,12,.97354496
VA,2019,Virginia,12,.99071926
VI,2019,,12,1
VT,2019,Vermont,12,.94444442
WA,2019,Washington,12,.9766537
WI,2019,Wisconsin,12,.98255813
WV,2019,West Virginia,12,1
WY,2019,Wyoming,12,1
